あ	啊	N4
ああ	啊	N5
あい	爱	N4
あいかわらず	依然；仍旧	N3
あいきょう	亲切感；魅力	N1
あいこ	光顾，惠顾	N1
あいご	爱护，保护	N1
あいさつ	寒暄；问候	N4
あいさつまわり	寒暄，拜访	N3
あいしょう	合得来；相性	N2
あいじょう	爱；感情	N2
あいする	爱；爱护	N4
あいず	信号；暗号	N3
あいそ	和蔼；亲切；好感；情意；客套话；恭维	N1
あいそわらい	陪笑；假笑	N1
あいだ	之间	N4
あいだがら	关系；交情	N1
あいちゃく	依恋；感情	N3
あいつ	那家伙	N2
あいついで	相继，陆续	N2
あいつぐ	接连发生	N2
あいづち	附和；随声应答	N1
あいて	对方；对象；伙伴；对手	N4
あいてどる	以…为对手	N1
あいどく	爱读	N1
あいにく	不巧；偏偏	N2
あいま	间隙；空当	N2
あいまい	暧昧的；含糊的	N2
あいまって	相互作用；加上	N1
あいよう	喜欢用	N3
あいろ	狭路；障碍	N1
あう	见面；碰见	N5
あえて	特意（明知困难仍）；敢于	N2
あお	蓝色；绿色（信号灯）；未成熟	N5
あおい	蓝色的；绿色的；未成熟的；青涩的	N5
あおくさい	没经验；幼稚；天真；有青草味	N1
あおぐ	仰望；敬仰；尊敬；请教；寻求指导	N1
あおぞら	蓝天，青天	N3
あおむけ	仰面朝天	N2
あか	红色；完全	N5
あかい	红色的	N5
あかじ	赤字；亏损；红字；红字批改	N1
あかちゃん	婴儿	N3
あかつき	黎明；实现之时	N1
あからさま	明显的（露骨）；露骨的	N1
あかり	灯光	N3
あかるい	明亮的；开朗的	N5
あかるみ	光明处；公开	N1
あがる	（价格、温度）上升；位置或数值提高	N5
あき	秋天	N5
あきかん	空罐	N4
あきち	空地	N3
あきや	空房	N3
あきらか	明显的	N2
あきらめ	断念，死心	N3
あきらめる	放弃	N3
あきる	厌烦	N3
あきれはてる	惊愕不已	N1
あきれる	惊呆	N1
あく	开着；打开；开始营业	N4
あくい	恶意	N2
あくえいきょう	坏影响	N2
あくしゅ	握手	N2
あくしゅう	恶臭	N1
あくじゅんかん	恶性循环	N1
あくせんくとう	苦战恶斗	N1
あくだま	坏人；有害一方	N1
あくてんこう	坏天气	N2
あくとう	无赖，坏蛋	N1
あくにん	坏人	N1
あくび	（打）哈欠	N3
あくまで	始终，彻底	N2
あぐら	盘腿坐	N1
あける	打开（门、窗）；开张	N5
あげあしをとる	抓住漏洞挑错	N1
あげくのはて	结果；到头来	N1
あげもの	油炸的食品	N1
あげる	举高（箱子、手）；提高	N5
あこがれ	憧憬，向往	N3
あこがれる	憧憬	N3
あご	下巴，下颚	N3
あさ	早晨，早上	N5
あさい	浅的；淡的	N3
あさいち	早市	N3
あさごはん	早饭	N5
あさって	后天	N5
あさねぼう	早上睡懒觉	N4
あさはか	肤浅的	N1
あさばん	早晚	N1
あさやけ	朝霞	N3
あさゆう	早晚；朝夕	N1
あさる	搜寻；贪婪地吃	N1
あざむく	蒙蔽；胜似	N1
あざやか	鲜艳的；鲜明的	N2
あし	脚，腿	N5
あしあと	足迹	N3
あしおと	脚步声	N3
あしくび	脚踝	N1
あしこし	腿脚；体力	N2
あした	明天	N5
あしでまとい	累赘；碍手碍脚	N1
あしどめ	阻拦；停留	N1
あしどり	步伐（步行脚步）；行踪	N1
あしば	立足点；脚手架	N1
あしもと	脚下；步态；步伐；眼下；当前	N2
あじ	味道；趣味	N4
あじつけ	调味；风格处理	N2
あじみ	尝味道	N1
あじわい	味道（强调）；趣味	N2
あじわう	品尝；体会	N2
あす	明天（正式）；（近的）将来，以后	N3
あずかる	照看；保管；受托负责；暂存；暂不作决定	N3
あずける	寄存；托付	N3
あせ	汗，汗水	N3
あせだく	满身大汗的	N1
あせり	焦急；焦躁	N2
あせる	着急	N2
あそこ	那里	N5
あそびごころ	玩心；情趣	N2
あそぶ	玩	N5
あたいする	值得	N1
あたえる	给予；授予	N3
あたかも	仿佛（书面）；恰如	N1
あたし	我（女性）	N3
あたたかい	温暖的（体感）；温的；温暖的，热情的	N4
あたためる	加热；饮食或身体	N3
あたま	头；脑袋	N5
あたまうち	达到瓶颈	N1
あたまがいい	聪明；头脑好	N4
あたまごなし	不分青红皂白地	N2
あたらしい	新的	N5
あたり	附近；周围	N4
あたりまえ	理所当然；当然	N4
あたる	（预测、球）命中；撞上、猜中；相当于	N4
あだ	敌人；对手；怨恨；仇恨；伤害	N1
あちこち	到处；这里那里	N3
あちら	那边；那位	N5
あちらこちら	到处；各处	N3
あっ	啊	N3
あっか	恶化，变坏	N2
あっかん	压轴；最精彩处	N1
あっけない	太过短暂的；没劲的	N1
あっさり	清淡地；轻易地	N1
あっしゅく	压缩	N1
あっしょう	压倒性胜利	N2
あっせん	斡旋；介绍	N1
あったかい	温暖的	N1
あっち	那边	N5
あっちこっち	到处；各处（口语）	N3
あっというま	转眼间	N2
あっとう	压倒，胜过	N2
あっとうてき	压倒性的	N2
あっぱく	压迫，压制	N1
あつい	厚的	N5
あつかい	处理；待遇	N1
あつかう	对待；处理	N3
あつかましい	厚脸皮的	N2
あつで	厚的；厚料	N1
あつまり	集会；集合	N2
あつまる	（人、物）聚集；人或物汇合	N4
あつみ	厚度；深度	N1
あつめる	收集（资料、意见）	N4
あつりょく	压力	N1
あつれき	摩擦；冲突	N1
あてさき	收件地址	N4
あてな	收件人姓名和地址；收件人	N1
あてはまる	（条件、说明）适用	N2
あてはめる	套用（规则、方法）	N1
あてる	对准（目标、光线）；碰撞、命中；猜中、晒	N4
あと	后面；之后	N5
あとあじ	余味；事后感受	N1
あとおし	支持；推动	N1
あとがき	后记	N1
あとち	旧址；遗址	N1
あとで	之后	N5
あとまわし	推迟	N2
あともどり	后退；倒退	N2
あどけない	天真的；稚气的	N1
あな	洞；孔	N3
あなた	你	N5
あなどる	轻视	N1
あに	哥哥（自己的）	N5
あね	姐姐（自己的）	N5
あの	那个（定语）	N5
あのう	那个……；请问	N5
あのひと	那个人	N5
あばれる	胡闹；乱闹	N2
あびせる	泼洒；给予打击	N1
あびる	淋浴；洗澡	N5
あふれかえる	挤满；充满	N1
あふれだす	涌出；溢出	N2
あふれる	溢出；充满	N3
あぶない	危险的	N5
あぶら	（液态）油	N3
あぶらえ	油画	N1
あまい	甜的；宽松的	N5
あまえる	（孩子、下属）撒娇；承蒙，利用……的机会	N1
あまぐも	雨云，乌云	N1
あまのじゃく	故意唱反调的人	N1
あまみ	甜味	N2
あまみず	雨水	N1
あまやかす	娇惯（孩子、宠物）	N2
あまり	不太；不很	N5
あまる	有剩余	N3
あみ	网；法网	N1
あみだな	行李架	N3
あみもの	编织物品	N1
あむ	编织；编写	N3
あめ	雨，雨天	N5
あめあがり	雨后	N1
あめんぼ	水黾	N1
あやうい	危险的；岌岌可危	N1
あやしい	可疑的	N3
あやす	哄逗；哄孩子	N1
あやつる	操纵；掌握	N1
あやふや	含糊的（记忆）；不确定的	N1
あやぶむ	担忧；怀疑	N1
あやまち	错误，过失	N1
あやまり	错误，失误	N2
あやまる	道歉	N4
あゆみ	步伐（脚步）；进程	N2
あゆみよる	靠近；妥协	N2
あゆむ	迈步；走过	N2
あら	哎呀（女性用语）	N2
あらい	粗糙的；粗略的	N1
あらいだす	洗去表层使其显露；查明；揭示；仔细查清；开始洗涤	N2
あらいもの	待洗物；餐具	N1
あらう	洗	N5
あらかじめ	事先	N2
あらす	糟蹋（田地、房间）；偷盗	N2
あらそい	争斗；争执	N2
あらそう	争夺；争论	N2
あらた	新的；新鲜的；新颖的	N2
あらたまる	变正式；更新，更替；改善，革新	N2
あらためて	重新；再次	N2
あらためる	改正（制度、错误）；改变；检查	N2
あらっぽい	粗暴的；粗糙的	N1
あらゆる	所有的；一切	N3
あらわ	裸露的；暴露的；不加掩饰的；公开的；显露的	N1
あらわす	表示（感谢、意见）	N3
あらわれ	显露，体现	N3
あらわれる	（成果、症状）出现；显现	N3
あり	蚂蚁	N2
ありあまる	绰绰有余	N1
ありあり	清楚地（明确）；活生生地	N1
ありうる	可能存在	N2
ありかた	应有状态；方式	N1
ありがたい	感激的；难得的	N2
ありがたみ	恩惠，价值（感受到的可贵）	N1
ありがち	常见的	N2
ありがとう	谢谢	N5
ありきたり	普通的（老套、无新意）；老套的	N1
ありとあらゆる	所有的	N1
ありのまま	原本的；如实的	N2
ありふれる	常见；普通	N1
ありよう	样子（应有状态）；应有状态	N1
ある	有；存在	N5
あるいは	或者	N2
あるきまわる	到处走	N3
あるく	走路	N5
あれ	那个；咦；哎呀	N5
あれこれ	这个那个；各种	N3
あれる	变荒；天气恶劣、荒废；荒芜、粗糙	N2
あわ	泡沫	N3
あわい	浅淡的；微弱的	N1
あわせ	搭配；组合	N3
あわせて	总共；合计；此外；同时	N3
あわせる	对齐；配合	N4
あわただしい	忙乱的；匆忙的	N2
あわてる	慌张；慌忙	N3
あん	方案；主意	N3
あんい	轻率的；容易的	N2
あんか	便宜的；肤浅的；轻率的；廉价的	N2
あんがい	意外地；出乎意料	N3
あんき	背诵	N3
あんしょう	暗礁；障碍	N1
あんしょうばんごう	密码	N3
あんしん	安心的	N4
あんじ	提示，暗示	N1
あんじる	担心；忧虑；设法筹划；考虑；查究	N1
あんせい	安静；安宁	N1
あんぜん	安全的	N4
あんたい	安稳的	N1
あんてい	稳定的	N2
あんど	放心，安心	N1
あんな	那样的；那种的	N5
あんない	引导；带路；介绍；通知	N4
あんのじょう	果然；不出所料	N2
あんぴ	安危；平安与否	N1
あんまり	不太；不很	N3
あんもく	默契的；心照不宣	N1
あんらく	安乐的	N2
い	胃	N3
いい	好的；可以	N5
いいあう	互相争辩	N1
いいえ	不；不是	N5
いいかえす	顶嘴；反驳	N3
いいかえる	换句话说；重新说	N1
いいかげん	适度的；敷衍的	N2
いいかた	说法	N3
いいきかせる	劝说	N2
いいきる	断言；说完；断言，说死	N2
いいだす	说出；最先说	N2
いいつける	吩咐；告发；常说；惯于说	N2
いいつたえ	传说（口头传下来）	N1
いいなおす	改口；重新说	N3
いいのこす	留下话；未说完；留话，遗言	N1
いいはなつ	断言（直截了当）	N1
いいはる	坚持声称	N1
いいぶん	主张；不满	N1
いいまわし	措辞	N1
いいわけ	辩解，辩白（推卸责任借口）	N2
いいわたす	宣布；宣判	N1
いいん	委员	N2
いう	说；叫作	N5
いうまでもない	不言自明	N1
いえ	房子；家庭	N5
いえがら	家族地位；家世；血统；名门	N1
いか	以下；下面	N4
いかが	怎么样；如何	N5
いかく	威吓	N2
いかす	发挥；让……活着	N2
いかなる	任何的；怎样的	N1
いかに	如何；多么	N2
いかにも	的确；很像	N2
いかり	愤怒，生气	N2
いかん	遗憾的	N1
いがい	以外	N4
いがく	医学	N3
いがた	铸模，模子	N1
いき	呼吸，气息	N4
いきいき	生动；有活力	N2
いきおい	势头；劲头	N3
いきかた	生活方式	N2
いきがい	人生的意义	N2
いきき	往来；来往	N2
いきぐるしい	呼吸困难的；压抑的	N1
いきごみ	干劲，热情	N1
いきごむ	鼓足干劲	N1
いきさき	去处；目的地	N3
いきすぎる	走过头；过度	N1
いきつく	到达；事物达到最终状态	N2
いきづまる	陷入僵局	N2
いきとどく	周到	N1
いきどおり	愤怒	N1
いきどおる	愤怒；气愤	N1
いきなり	突然（不经预告）	N2
いきぬき	休息；放松	N2
いきぬく	活下来；坚持到底	N1
いきのこる	幸存	N2
いきのびる	活下来（幸存）；幸存	N1
いきもの	生物（具体）；有生命力的东西	N3
いきょ	依据，根据	N1
いきる	活着；生存；生活	N4
いぎ	意义；价值	N2
いぎょう	伟业	N1
いく	去	N5
いくじ	育婴，育儿	N2
いくせい	培育，培养	N2
いくた	许多	N1
いくつ	几个；几岁	N5
いくつか	若干，几个	N3
いくら	多少；多少钱	N5
いくらでも	无论多少	N3
いけ	水池，水塘	N5
いけない	不行；不可以	N4
いけばな	插花	N3
いけん	意见，想法	N4
いげん	威严	N1
いこい	休息	N1
いこう	之后；以后	N3
いこく	异国，外国	N1
いご	以后，将来	N1
いごこち	舒适感；处境感受	N2
いさぎよい	果断的；痛快的	N1
いささか	稍微；有点	N1
いさましい	勇敢的；威武的	N2
いさん	遗产	N1
いざ	喂；现在	N3
いざかや	居酒屋	N2
いざというとき	紧要关头	N1
いし	石头，石子	N4
いしがき	石垣，石墙	N1
いしき	神智；意识	N3
いしだん	石阶	N1
いしつ	异质的；不同的	N1
いしゃ	医生	N5
いしゅく	萎缩	N1
いしょう	服装；戏服	N2
いしょく	独特色彩；异色	N1
いしょくじゅう	吃穿住	N1
いじ	意气；脾气	N3
いじける	畏缩；闹别扭	N1
いじめ	欺凌；霸凌	N1
いじめる	欺负	N1
いじゅう	移居	N2
いじょう	以上	N4
いじる	摆弄；调侃	N1
いじわる	坏心眼的；刻薄的	N2
いす	椅子；地位	N5
いずれ	早晚；迟早	N2
いせき	遗址，遗迹	N1
いぜん	以前，从前	N4
いそがしい	忙碌的	N5
いそぎ	急事；赶忙	N3
いそぐ	赶快	N5
いそしむ	勤勉从事	N1
いそん	依靠，依存	N1
いた	板，木板	N2
いたい	疼的	N5
いたく	委托	N1
いたす	做（谦让）；致以	N3
いたずら	恶作剧；淘气；顽皮；消遣；爱好	N1
いたずらがき	涂鸦；乱写	N1
いたたまれない	坐立不安的；无地自容	N1
いただき	山顶，顶端	N2
いただきます	我开动了	N3
いただく	收下；吃（谦）	N5
いたって	极其（书面语）	N2
いたで	重创；打击	N1
いたましい	令人痛心的	N2
いたみ	疼痛	N4
いたむ	（身体、伤口）疼痛；痛苦	N3
いためる	炒	N3
いたる	到达；涉及	N2
いたわる	体谅；慰劳	N1
いだい	伟大的	N2
いだく	怀有；抱有	N3
いち	一；第一	N5
いちあん	一个方案	N1
いちい	首位；一位	N3
いちいち	一一，逐一	N2
いちいん	一员；成员	N4
いちおう	姑且；总算	N3
いちがいに	一概地；笼统地	N1
いちがつ	一月	N5
いちがん	一体；团结一致	N1
いちご	草莓	N5
いちじ	一点钟；曾经；一时；暂时	N3
いちじてき	暂时的	N2
いちじるしい	显著的	N2
いちず	专一的；一心一意	N1
いちぞく	一族；家族	N1
いちぞん	个人决定	N1
いちだん	逐级；一段	N3
いちだんらく	告一段落；进入下一阶段前稳定下来；第一阶段完成；段落	N2
いちど	一次，一回	N5
いちどく	一读；通读	N1
いちどに	一次性；同时	N3
いちにち	一天	N5
いちにん	全权委托	N1
いちにんまえ	一人份；成年人；独当一面；成熟合格	N1
いちはやく	尽早；迅速地	N1
いちば	市场（交易场所）	N3
いちばん	第一；最	N5
いちぶ	一部分	N4
いちぶぶん	一部分	N3
いちまつ	一丝；一抹	N2
いちめん	一面；另一方面	N2
いちもく	一看，一眼	N1
いちもくりょうぜん	一目了然的	N1
いちょう	肠胃	N2
いちよう	一样的；统一的	N3
いちらん	一览；列表	N1
いちり	一番道理	N2
いちりつ	一律的	N1
いちりゅう	一流；顶尖	N3
いちれい	一鞠躬；行礼	N1
いちれん	一连串；一系列	N1
いっか	一家人；一户	N1
いっかく	一角；一部分	N2
いっかつ	一并；总括	N2
いっかん	一贯性；连贯性；整合；一贯重量；一贯寿司	N1
いっきに	一口气地	N2
いっく	一句	N2
いっけん	一看；表面看	N2
いっけんや	独栋房屋	N1
いっこく	一刻；片刻	N1
いっさい	一切；完全不	N2
いっさくじつ	前天（正式）	N3
いっさくねん	前年	N2
いっし	一支箭；反击；回敬	N1
いっしゅ	一种；某种	N2
いっしゅう	一周；周游	N1
いっしゅん	一瞬间	N2
いっしょ	一起；一样	N5
いっしょう	一生	N4
いっしょうけんめい	拼命的；努力的	N3
いっしょに	一起，一同	N5
いっしん	一身；全身	N1
いっせいに	一齐，同时	N2
いっせきにちょう	一举两得	N2
いっせん	一仗，一战	N1
いっそ	干脆，索性	N2
いっそう	更加；一层；底层	N2
いっそくとび	一步登天；跳跃式	N1
いったい	到底；究竟	N2
いったいぜんたい	到底，究竟	N1
いったん	先…再说；一旦	N2
いっち	一致；相符	N2
いっちょくせん	直线；径直	N1
いってい	一定；固定	N2
いってきます	我出门了	N5
いってらっしゃい	路上小心	N4
いってん	一变；骤变	N2
いっぱい	满；很多	N5
いっぱく	住一晚	N3
いっぱん	一般，普遍	N3
いっぱんてき	一般的	N3
いっぺん	完全改变	N2
いっぺんとう	一边倒	N1
いっぽ	一步；一点	N2
いっぽう	一方面；另一方	N4
いっぽうつうこう	单行道；单方面	N1
いっぽうてき	单方面的	N2
いっぽんぢょうし	单调的	N1
いつ	什么时候	N5
いつか	五号；五天	N5
いつざい	杰出人才	N1
いつだつ	脱离；偏离	N1
いつつ	五个；五岁	N5
いつでも	随时	N5
いつのまにか	不知不觉	N3
いつまでも	永远，始终	N3
いつも	总是	N5
いつわり	虚假；谎言	N1
いつわる	伪装；说谎；冒充	N1
いてん	迁移，搬家	N2
いでん	遗传	N2
いでんし	基因	N2
いと	线；丝	N3
いとぐち	线索；突破口	N2
いとなみ	营生；活动	N1
いとなむ	经营；营造	N1
いとも	非常；很	N3
いどう	移动，转移	N3
いどむ	挑战；挑衅	N1
いない	以内	N4
いなか	乡下；农村	N3
いなめない	不可否认的	N1
いぬ	狗	N5
いねかり	割稻子	N1
いねむり	打瞌睡	N2
いのち	生命	N4
いのちがけ	拼命的；冒生命危险	N1
いのる	祈祷；祝愿	N2
いはん	违反	N2
いばしょ	所在；位置；归属之处；适合自己的位置；能自在做自己的地方	N2
いばる	逞威风；自夸	N2
いひょう	意表，意外	N1
いびき	鼾声	N1
いふく	衣服，衣裳	N3
いぶつ	遗物；遗迹	N1
いま	现在	N5
いまいち	不太好；差一点	N2
いまごろ	这时候；现在	N3
いまさら	事到如今	N1
いましめる	警告；告诫；责备；训斥；禁止；阻止	N1
いまだに	至今仍然	N2
いまどき	如今；现在这个时代	N2
いまにも	眼看，就要	N3
いまのところ	目前；眼下	N2
いまひとつ	还差一点	N2
いままで	至今为止	N3
いまや	如今；现在已经	N2
いみ	意思；意义	N4
いみあい	含义；意味	N1
いみきらう	厌恶	N1
いもうと	妹妹	N5
いや	不，不是	N4
いやいや	不情愿地；不不	N2
いやがる	嫌弃；不愿意	N3
いやす	治愈；抚慰	N1
いよいよ	越来越；终于（到了关头）	N2
いよく	意欲；干劲	N2
いよくてき	积极主动的	N1
いらい	以来，以后	N4
いらいら	焦躁；烦躁	N2
いらっしゃいませ	欢迎光临	N5
いらっしゃる	来（尊敬）；去；在	N5
いりくむ	错综复杂	N1
いりぐち	入口	N4
いりまじる	混杂	N2
いりょう	衣料，衣服	N2
いる	在；有（生物）	N5
いるい	衣服	N3
いるか	海豚	N2
いれい	例外；罕见	N1
いれかえる	替换	N2
いれかわる	互相替换	N2
いれもの	容器，器具	N1
いれる	放入；放进；沏（茶等）	N5
いろ	颜色；肤色；种类	N5
いろあい	色调；色彩	N1
いろいろ	各种各样	N5
いろえんぴつ	彩色铅笔	N2
いろがみ	彩纸；签名纸	N2
いろけ	魅力；色心	N1
いろずり	彩色印刷	N1
いろづく	变色；转红或转黄；成熟变色；进入青春期	N1
いろとりどり	五彩缤纷的	N1
いろどり	色彩；点缀	N1
いろめがね	有色眼镜；偏见	N1
いろんな	各种各样的	N4
いわ	岩石	N3
いわい	庆祝；祝贺；贺礼；祝贺礼物	N3
いわう	庆祝	N2
いわかん	不协调感	N2
いわば	可以说；所谓	N2
いわゆる	所谓的	N2
いわんや	何况，况且（书面）	N1
いんえい	阴影；阴暗；细微意味；微妙之处	N1
いんかん	图章，印章	N2
いんさつ	印刷	N3
いんし	因素，因子	N1
いんしょう	印象	N3
いんしょうづける	使留下印象	N1
いんしょく	饮食	N3
いんしょくてん	餐馆，饭店	N3
いんせい	研究生	N3
いんせき	陨石	N1
いんたい	隐退，退役	N2
いんちょう	院长	N1
いんよう	引用，借用	N2
いんりょう	饮料	N3
いんりょく	引力；吸引力	N1
ううん	不，不是	N5
うえ	上面；空间方位	N5
うえかえる	移植	N1
うえき	盆栽；树木	N1
うえきばち	花盆	N1
うえつける	栽种；种植，插秧；灌输	N1
うえる	种植	N3
うかがう	拜访（敬语）；询问（谦）	N3
うかつ	粗心的；疏忽的	N2
うかびあがる	显现；清楚浮出表面	N2
うかぶ	（叶子、想法）浮现；想法进入脑中	N2
うかべる	使浮起；使……浮起；使……出现	N2
うかる	（考生、申请者）考上	N3
うかれる	兴高采烈；轻浮	N1
うきぼり	浮雕；凸显	N1
うく	（船、叶子）浮起；脱离表面	N3
うぐいす	黄莺	N1
うけいれ	接受；接纳	N3
うけいれる	接受（接纳）；采纳；收进	N3
うけうり	现学现卖；转述	N1
うけおう	承包；承担	N1
うけこたえ	应答；答话	N1
うけざら	承接处；接收方	N1
うけたまわる	接受；聆听（谦让语）	N2
うけつぐ	继承	N1
うけつけ	接待；受理	N4
うけつける	受理；接受、不吸收；吸收（营养）	N3
うけて	接受者；收件人	N2
うけとめる	接住；阻止；理解	N2
うけとり	收取；领取	N3
うけとる	接收；理解	N3
うけみ	被动；被动态	N2
うけもつ	负责；担任	N2
うける	接受（检查、考试）；参加考试或承受	N4
うごかす	移动（机器、家具）；启动；感动	N4
うごき	活动；动向	N4
うごく	（机器、物体）动；移动；动摇	N4
うさんくさい	可疑的；蹊跷的	N1
うし	牛	N5
うしなう	失去；错过；迷失	N2
うしろ	后面（空间、背后）；背后	N5
うしろすがた	背影	N1
うしろむき	背向的；消极的	N2
うしろめたい	内疚的	N1
うすい	薄的；淡的	N5
うすうす	稍稍，略略	N2
うすがた	薄型	N2
うすっぺら	单薄的；肤浅的	N1
うすまる	变淡	N1
うすめる	稀释（酱汁、药液）	N2
うすれる	变淡；淡薄；模糊	N2
うず	漩涡；涡流；回旋；急流	N1
うずまく	盘旋；涡旋	N2
うずめる	埋入（埋住）；填满	N1
うせつ	右转；右转弯	N3
うせる	消失（彻底）；离去	N1
うそ	谎言，假话	N4
うそつき	说谎的人	N1
うた	歌曲	N5
うたう	唱歌	N5
うたがい	怀疑；疑点	N2
うたがう	怀疑	N3
うたがわしい	可疑的；不可靠	N1
うたぐりぶかい	多疑的	N1
うち	家；内部	N5
うちあける	坦白；倾诉	N2
うちあげ	发射；庆功会	N2
うちあげる	发射；完成	N2
うちあわせ	商谈；碰头会	N2
うちがわ	内侧	N3
うちきる	中止；截断	N1
うちけす	否定；抵消	N2
うちこむ	打入；打进，射进；埋头，专心致志	N1
うちだす	打出（方针、主张）；开始敲打	N1
うちつける	钉上；撞击	N1
うちとける	融洽；敞开心扉	N1
うちなおす	重打；重新打；重新弹（棉花）	N2
うちみず	洒水降温	N2
うちゅう	宇宙	N2
うちゅうひこうし	宇航员	N2
うちわけ	明细，细目	N1
うっかり	不小心；冒失地	N3
うっすら	隐约地；淡淡地	N2
うったえ	申诉，诉讼	N2
うったえる	诉说；起诉	N2
うってつけ	最合适的	N1
うっとうしい	烦闷的；讨厌的	N1
うっとり	入迷，陶醉	N2
うつ	打；碰，撞；感动	N4
うつくしい	美丽的	N4
うつし	抄本；副本	N2
うつしだす	映出；绘画文字表现；反映出	N1
うつす	抄写（文字、黑板）；拍照	N4
うつむく	低头	N2
うつりかわり	推移，变迁	N1
うつりすむ	迁居	N3
うつる	（景色、脸）映出（影像映在）；映像	N4
うつろ	空虚的；空洞的	N3
うつろい	变迁，变化	N1
うつわ	器皿；器量	N1
うてん	雨天	N2
うで	手臂；本领；技术；能力	N4
うでどけい	手表，腕表	N4
うでまえ	本事，才能	N1
うとうと	打瞌睡	N2
うとましい	令人讨厌的	N1
うどん	乌冬面	N2
うながす	促使；催促	N2
うなずく	点头	N2
うなだれる	垂头丧气	N1
うねり	波浪（趋势）；波动	N1
うのみ	囫囵吞枣	N1
うばいとる	抢夺	N1
うばう	夺走；抢夺；剥夺	N3
うま	马	N3
うまい	好吃的；高明的	N4
うまく	顺利地；很好地	N3
うまみ	鲜味；美味；滋味；技巧；妙处；魅力	N2
うまる	（坑、座位）埋上；埋没；占满	N2
うまれ	出生；出身	N3
うまれおちる	出生	N1
うまれかわる	重生；焕然一新	N3
うまれそだつ	生长（出生并成长）；长大	N1
うまれつき	天生	N2
うまれながら	天生，生来	N1
うまれもつ	生来具有	N2
うまれる	（孩子、想法）出生；产生，创立	N5
うみ	大海，海洋	N5
うみだす	创造；生出	N3
うみべ	海边，海滨	N1
うむ	生育；（産）生产，分娩；（生）产生	N4
うめ	梅树；梅子	N3
うめあわせる	弥补	N1
うめこむ	埋入	N2
うめたてる	填海造地	N1
うめる	埋（种子、管道）；填；填满	N3
うもう	羽毛，绒毛	N1
うもれる	（道路、人才）埋没；（被）埋上，压埋	N1
うやまう	尊敬	N2
うやむや	含糊的	N1
うら	背面；里面	N4
うらうち	佐证；衬里	N1
うらがわ	背面，反面	N3
うらぎる	背叛；辜负	N2
うらぐち	后门；走后门	N1
うらづける	证实；支持	N2
うらなう	占卜；预测	N2
うらはら	相反的；表里不一	N1
うらばなし	秘闻，内幕	N1
うらむ	怨恨；责怪	N1
うらめ	反效果；不利结果	N1
うらやましい	令人羡慕的	N3
うりあげ	销售额	N3
うりきれ	卖完，售罄	N3
うりきれる	售罄	N3
うりこむ	推销；卖力宣传	N1
うりだす	开始销售；大量销售；出名、崭露头角	N2
うりて	卖主，卖方	N2
うりば	卖场，柜台	N4
うりもの	商品（强调）；卖品	N2
うる	出售（商品、房子）	N5
うるおい	水分；滋润；丰富；温暖；情趣；宽裕；利润	N1
うるおう	（土地）湿润；宽裕起来	N1
うるおす	润湿；润，弄湿；使受惠	N1
うるさい	吵闹的；烦人的	N5
うるし	漆；漆树	N1
うれしい	高兴的	N5
うれのこる	卖剩	N3
うれゆき	销路；销售情况	N2
うれる	（商品、书）卖得好；畅销；知名	N4
うろうろ	徘徊；转来转去	N3
うろおぼえ	模糊的记忆	N2
うろたえる	慌张（因意外而惊）；惊惶	N1
うろつく	闲逛；徘徊	N1
うわがき	覆盖写入；改写	N1
うわぎ	外套；上衣	N5
うわさ	传闻；传说	N3
うわのそら	心不在焉的	N1
うわべ	表面；外表	N1
うわまわる	超过（数据）	N2
うわむき	向上；好转	N1
うん	是，是的	N5
うんえい	运营，经营	N2
うんきゅう	停运	N3
うんこう	运行	N1
うんざり	厌倦，厌烦	N1
うんちん	车费；运费	N2
うんてん	驾驶；操作	N4
うんてんしゅ	司机	N4
うんどう	运动	N4
うんどうかい	运动会	N4
うんどうしんけい	运动神经；运动能力；动作协调性；反应能力	N2
うんどうじょう	运动场	N4
うんぱん	搬运，运输	N1
うんめい	命运	N2
うんよう	运用，活用	N1
うーん	嗯……	N4
え	画，绘画	N5
えいい	营，经营	N1
えいえん	永远的	N2
えいかいわ	英语会话	N4
えいかん	荣冠，荣誉	N1
えいが	电影	N5
えいがかん	电影院	N5
えいきょう	影响	N3
えいきょうりょく	影响力	N1
えいぎょう	营业，经商	N4
えいぎょうぶ	销售部门	N4
えいこく	英国	N2
えいご	英语	N5
えいせい	卫星	N2
えいぞう	影像，画面	N2
えいぶん	英文；英语文章	N1
えいよう	营养	N3
えいようし	营养师	N1
えいり	营利，谋利	N1
ええ	嗯；是	N5
ええと	嗯……	N4
えかき	画家（口语）	N1
えがお	笑脸	N4
えがく	描绘；画；描写	N3
えがたい	难得的	N2
えがら	图案；画面风格	N1
えき	车站	N5
えきいん	车站工作人员	N4
えきたい	液体，液态	N3
えきまえ	车站前	N4
えさ	饵食；诱饵	N3
えだ	树枝	N4
えっ	啊？；什么？	N5
えつらん	阅览	N2
えづけ	喂食驯养	N1
えて	擅长的	N2
えてして	往往，每每	N2
えど	江户	N2
えどじだい	江户时代	N1
えのぐ	绘画颜料	N3
えはがき	美术明信片	N3
えび	虾	N3
えほん	绘本	N4
えもの	猎物；战利品	N2
えらい	伟大的；了不起	N3
えらびとる	选出	N1
えらぶ	选择	N5
えり	衣领，领子	N3
える	得到；能够	N3
えん	圆形；日元	N5
えんかく	远程；远距离	N1
えんかつ	顺利的	N2
えんき	延期，挪后	N3
えんぎ	演技；表演	N2
えんげい	园艺	N1
えんげき	演剧，戏剧	N2
えんざん	运算	N1
えんしゅつ	演出；导演	N1
えんじょ	援助，支援	N1
えんじる	扮演；演出	N2
えんせい	厌世，悲观	N1
えんぜつ	演讲，演说	N1
えんそう	演奏	N3
えんそく	郊游	N3
えんだか	日元升值	N3
えんちょう	延长；总长度；延续	N2
えんとつ	烟囱	N1
えんぴつ	铅笔	N5
えんぶん	盐分	N2
えんぽう	远方	N2
えんまん	圆满的	N2
えんりょ	客气；谢绝	N4
えんりょなく	不客气	N3
お	尾巴；尾部	N1
おい	喂；嘿	N4
おいかえす	赶回；拒之门外	N2
おいかける	追赶（跟在后面追）	N2
おいこす	超过	N3
おいこむ	赶入；驱赶；逼入困境；迫使；加紧推进；拼尽全力	N2
おいしい	好吃的	N5
おいたてる	驱赶；催促	N2
おいだす	赶出去	N2
おいつく	追上	N3
おいつめる	逼到绝境	N2
おいて	关于；在……方面	N3
おいでになる	来（尊敬且郑重）；去；在	N3
おいぬく	赶超	N3
おいはらう	赶走；驱散	N1
おいもとめる	追求	N2
おいる	变老；衰老	N1
おう	国王；首领	N4
おういん	盖章	N1
おうえん	援助；助威	N3
おうか	讴歌，歌颂	N1
おうしゅう	扣押；没收	N1
おうじる	响应；回答，同意；适应，按照	N1
おうせい	旺盛的	N1
おうせつ	接待，招待	N3
おうたい	应对；接待	N1
おうだん	横断；横渡	N3
おうだんほどう	人行横道	N3
おうちゃく	懒惰的；狡猾的	N1
おうとう	应答，回答	N3
おうとつ	凹凸；起伏	N2
おうねん	往时，从前	N1
おうふく	往返	N3
おうべい	欧美	N2
おうぼ	报名；应征	N3
おうぼう	蛮横的；暴虐的	N1
おうよう	应用，运用	N3
おうらい	往来；来往	N1
おえる	做完（工作、任务）	N4
おお	哦；啊	N3
おおあめ	大雨	N3
おおい	多的	N5
おおいに	大大地；非常	N1
おおう	覆盖；遮住	N2
おおかた	大体；大多数	N1
おおかみ	狼	N1
おおがかり	大规模的	N1
おおがた	大型，巨型	N3
おおきい	大的；大幅的	N5
おおきな	大的（定语）	N5
おおく	很多（书面）；多半	N4
おおぐち	大嘴；夸夸其谈；大额；大量	N1
おおげさ	夸张的	N2
おおごえ	大声	N3
おおざっぱ	粗略的；马虎的	N1
おおすじ	大致情节；梗概	N1
おおぜい	很多人	N4
おおぞら	天空	N3
おおだい	重要关口；整数位	N1
おおつぶ	大颗的	N1
おおて	大公司	N2
おおどおり	大街（宽阔大道）；大道	N3
おおなみ	大浪，巨浪	N1
おおはば	大幅的	N2
おおまか	大致的；粗略的	N2
おおむかし	很久以前	N1
おおむね	梗概；大致	N2
おおめ	稍多；偏多	N3
おおもり	大份	N2
おおや	房东	N3
おおゆき	大雪	N3
おおよそ	大约；大致	N2
おおよろこび	欢天喜地	N2
おおわく	大致的框架	N1
おか	山岗，小山	N3
おかあさん	妈妈，母亲	N5
おかえし	回礼；报复；找零	N3
おかえりなさい	欢迎回家	N4
おかげ	多亏；幸亏；托……的福	N3
おかし	点心；零食	N5
おかしい	奇怪的；可笑的	N4
おかす	犯下罪行或错误；违反；侵犯；强奸；玷污	N1
おかず	菜肴；配菜	N2
おかね	钱，货币	N5
おかゆ	粥，稀饭	N4
おがむ	合掌礼拜；祈求；恳求；拜见	N2
おき	海上；外海	N2
おきあがる	起身	N3
おきかえる	替换（用另一物替）；置换	N1
おきざり	丢下不管	N1
おきて	戒律；规矩	N2
おきにいり	喜爱的；心爱之物	N2
おきまり	常规，惯例	N3
おきゃくさま	来宾，顾客	N4
おきゃくさん	客人；顾客	N5
おきる	（人）起床；站起来、没睡觉；发生	N5
おぎなう	补充；弥补	N2
おく	放；放置；留在	N5
おくがい	室外，户外	N3
おくさま	夫人；尊夫人	N3
おくさん	太太	N5
おくじょう	房顶，屋顶	N3
おくそこ	深处；内心	N2
おくない	室内，屋内	N3
おくびょう	胆小的	N2
おくふかい	深奥的；深处的	N2
おくゆき	进深（前到后的深度）；内涵	N1
おくりさき	收件地址	N2
おくりむかえ	接送	N1
おくりもの	礼物	N4
おくる	寄送；送给	N4
おくれ	晚点	N3
おくれる	迟到；落后	N4
おこさん	您家孩子	N5
おこし	光临；来访	N2
おこす	叫醒（孩子、病人）；发起，引起	N4
おこたる	懈怠；疏忽	N1
おこない	行为；品行	N3
おこなう	举行；进行	N4
おこのみやき	大阪烧	N1
おこりっぽい	易怒的	N1
おこる	（问题、事件）发生；发作；产生	N4
おごそか	庄严的	N1
おごる	请客；奢侈	N2
おさえる	按住；捂住；抓住	N3
おさきにしつれいします	先失礼了	N4
おさけ	酒	N5
おさない	年幼的；幼稚的	N2
おさななじみ	儿时伙伴	N1
おさまる	（物品）收进；（争端）平息、结束	N2
おさめる	收纳（东西）；取得（成果）	N2
おさら	盘子	N5
おしい	可惜的；差一点	N3
おしいれ	壁橱；壁柜	N3
おしうり	强卖；硬推	N2
おしえこむ	灌输；教会	N2
おしえご	学生（教师所教）；门生	N1
おしえる	教；告诉	N5
おしきる	顶住；压着切断；不顾困难而行，坚持到底	N1
おしくも	可惜；遗憾地	N1
おしこむ	用力塞入；挤进	N3
おしこめる	塞进（把东西推进）；关在里面，监禁	N1
おしころす	压抑；掐死	N1
おしすすめる	推进	N2
おしだす	推出；突出；全体出动	N1
おしつける	强加；推压	N2
おしとおす	坚持到底	N1
おしはかる	推测	N1
おしむ	吝惜；惋惜	N2
おしゃべり	爱聊天的；聊天	N4
おしゃれ	时髦的；打扮	N3
おしやる	推开（推到一边）	N1
おしょうがつ	新年，过年	N4
おしょく	贪污，渎职	N1
おしよせる	涌来；逼近	N1
おしるこ	红豆年糕汤	N3
おじ	叔叔；舅舅	N5
おじいさん	爷爷；老爷爷	N5
おじぎ	鞠躬	N3
おじさん	叔叔；大叔	N5
おじゃまします	打扰了	N4
おじょうさん	小姐；女儿	N4
おす	按；推	N4
おせん	污染	N2
おそい	慢的；晚的	N5
おそいかかる	猛扑过去袭击；扑来	N1
おそう	袭击	N2
おそくとも	最晚，最迟	N2
おそらく	恐怕，大概	N2
おそれ	害怕；恐惧；担心；风险；危险；可能性；敬畏	N2
おそれいる	对不起；不好意思；感谢；感激；佩服；赞叹	N1
おそれおおい	惶恐的；不敢当的	N2
おそれる	害怕；担心	N2
おそろしい	可怕的（强烈）；恐怖的	N4
おそわる	受教	N3
おたがいさま	彼此彼此	N1
おたく	您家；宅	N3
おだいじに	请多保重	N4
おだてる	奉承；怂恿	N2
おだやか	平和的；温和的	N2
おち	结局；下降	N2
おちいる	陷入	N1
おちこぼれ	落伍者；差生	N2
おちこむ	情绪低落；掉进、下陷；跌落、下降	N2
おちつく	平静下来；安定	N3
おちば	落叶	N2
おちゃ	茶	N5
おちる	（物体、价格）掉落；降低；不及格	N4
おっくう	嫌麻烦的	N1
おっしゃる	说（尊敬语）	N3
おっと	丈夫	N5
おつり	零钱	N3
おてあげ	束手无策	N1
おてあらい	洗手间	N5
おと	声音	N4
おとうさん	爸爸；父亲	N5
おとうと	弟弟	N5
おとこ	男性，男人	N5
おとこのこ	男孩	N5
おとしあな	陷阱；漏洞	N2
おとしだま	压岁钱	N3
おとしどころ	妥协点；落脚点	N1
おとしもの	遗失物	N2
おとす	弄掉；使落下；遗失	N4
おとずれ	来访；到来；来临；出现；消息；音讯	N2
おとずれる	访问；来临，到来	N2
おととい	前天	N5
おととし	前年	N5
おとな	成人，大人	N5
おとなげない	不成熟的；孩子气的	N1
おとなしい	老实的；温顺的	N4
おとる	逊色；不如	N2
おとろえ	衰退；衰弱	N2
おとろえる	衰退；衰弱	N2
おどかす	威胁（主动）；威胁，威吓；恐吓	N1
おどす	威胁（主动）	N1
おどり	舞蹈	N3
おどる	跳舞	N3
おどろかす	使吃惊；轰动	N1
おどろき	惊讶，震惊	N3
おどろく	（人、听者）感到惊讶	N4
おなか	肚子，肠胃	N5
おなじ	相同的	N5
おなじく	同样地	N3
おなじみ	熟悉的；知名的；常客；老熟人；老朋友	N1
おにいさん	哥哥；小哥	N5
おにぎり	饭团	N5
おねえさん	姐姐；小姐	N5
おねがい	求，请求	N5
おねがいします	拜托了；请	N5
おの	小野（姓氏）	N5
おのずから	自然地；自然而然	N2
おのずと	自然而然地	N1
おはよう	早上好	N5
おば	姑妈；姨妈	N5
おばあさん	奶奶；老太太	N5
おばさん	阿姨；大妈	N5
おひる	中午；午饭	N5
おび	腰带；带子	N3
おびえる	害怕	N1
おびただしい	大量的；多得惊人	N1
おびやかす	威胁（占据）	N1
おびる	带有；肩负	N1
おふろ	洗澡；浴室；浴缸	N5
おべんとう	便当，盒饭	N5
おぼえがき	记录，笔记	N2
おぼえる	记住	N5
おぼしい	似乎；认为	N1
おぼれる	溺水；淹没	N3
おぼろげ	模糊的	N1
おまえ	你（粗鲁）	N2
おまけ	赠品；另外	N1
おみせ	商店，小店	N5
おみやげ	伴手礼；土产	N4
おむつ	尿布，尿裤	N3
おめい	污名；坏名声	N1
おめでとう	恭喜	N5
おめにかかる	拜见（谦）	N3
おも	主要的	N1
おもい	重的；沉重的	N5
おもいあがる	自以为是	N1
おもいあたる	想起（想到线索）；想到	N1
おもいいれ	深厚感情；投入	N1
おもいうかぶ	（记忆、想法）想起	N2
おもいうかべる	想起（人、场景）；浮现在脑中	N2
おもいえがく	想象；描绘	N2
おもいおこす	想起（偏向）；回忆	N1
おもいかえす	回想；反思	N1
おもいがけない	意想不到的	N2
おもいきって	下定决心地	N2
おもいきり	尽情地；狠狠地	N2
おもいきる	下定决心	N2
おもいこむ	深信；认定	N2
おもいたつ	想要开始；想到	N2
おもいだす	想起	N4
おもいちがい	误会；误解	N1
おもいつき	想法；念头；计划；一时起意；主意	N2
おもいつく	想到	N3
おもいつめる	钻牛角尖；苦思	N1
おもいで	回忆	N4
おもいとどまる	打消念头	N1
おもいどおり	如愿；按想法	N2
おもいなやむ	烦恼；苦思	N1
おもいもよらない	出乎意料	N1
おもいやり	体贴，关怀	N2
おもいやる	体谅（设身处地体）；关怀	N1
おもう	认为；想	N4
おもうぞんぶん	尽情地	N2
おもうに	我认为；想来	N1
おもえる	觉得	N3
おもくるしい	沉闷的；压抑的	N2
おもしろい	有趣的；好玩的	N5
おもしろみ	趣味；有趣之处	N2
おもたい	沉重的；沉闷的	N1
おもちゃ	玩具；玩物	N5
おもて	表面，正面	N4
おもてだつ	公开；显露	N1
おもてむき	表面上；公开方面	N1
おもみ	分量；威信	N2
おもむき	情趣；意味	N1
おもむく	前往；趋向	N1
おもわしくない	不如意的	N1
おもわず	不由得（因情绪、反射）	N2
おもわれる	被认为；似乎	N3
おや	父母	N5
おやかた	师傅；老板	N1
おやこ	父母和子女	N3
おやこどん	亲子盖饭	N3
おやごころ	父母心；关怀	N1
おやじ	父亲；老爸；中老年男人；老头；老板	N1
おやつ	点心，零食	N3
おやもと	父母身边；娘家	N1
おやゆび	大拇指	N3
おゆ	热水，开水	N5
およぐ	游泳	N5
およそ	大约；约莫	N2
および	以及	N2
およびごし	犹豫退缩	N1
およぶ	（影响、灾害）达到；波及，持续；比得上	N2
およぼす	带来（影响、后果）	N1
おり	时机；时候	N1
おりあい	妥协；相处关系	N1
おりかえし	折回；立即	N2
おりがみ	折纸手工	N4
おりこむ	织入；穿插，编入	N2
おりたたむ	折叠（专指）	N2
おりなす	编织成；织成，织出；穿插成，组成	N1
おりもの	织物	N1
おりる	下车（从交通工）；下降；下（车）	N5
おる	在（谦让语）	N4
おれ	我（男性粗俗）	N3
おれる	（树枝、铅笔）折断；折，折断；转弯	N3
おろか	愚蠢的（书面）	N1
おろす	放下（行李、孩子）；拿下；卸下	N3
おろそか	敷衍的；马虎的	N1
おわかれ	分手，分别	N4
おわり	结束；末尾	N5
おわる	（工作、课程）结束；……完	N5
おんがえし	报恩	N1
おんがく	音乐	N5
おんがくか	音乐家	N3
おんきょう	声响，声音	N1
おんけい	恩惠，恩情	N2
おんこう	温厚的	N2
おんじん	恩人	N1
おんせい	音声，声音	N2
おんせん	温泉	N4
おんだん	温暖的	N2
おんだんか	（全球）变暖	N2
おんど	温度	N3
おんどく	朗读	N1
おんな	女性，女人	N5
おんなのこ	女孩	N5
おんりょう	音量	N3
おんわ	温和的	N1
か	科；课	N3
かい	会；会议	N4
かいあげ	买下；购入	N2
かいあたえる	买给	N2
かいいん	会员；成员	N3
かいえん	开园	N1
かいか	开花；显露才能	N2
かいかい	开会	N3
かいかく	改革	N1
かいかん	建馆；开馆	N3
かいが	绘画	N3
かいがい	海外，国外	N3
かいがいりょこう	海外旅行	N4
かいがん	海岸，海边	N4
かいきょ	壮举；佳绩	N1
かいきん	解除禁令；开放时令；发布内容；揭示信息	N1
かいぎ	会议	N4
かいぎしつ	会议室	N4
かいぎょう	开业	N1
かいけい	会计；结账	N3
かいけつ	解决	N3
かいけん	会见，会晤	N2
かいこ	解雇	N1
かいこう	开校	N1
かいご	护理	N3
かいごう	集合，集会	N1
かいさい	举办；召开	N2
かいさつ	检票	N3
かいさつぐち	检票口	N3
かいさん	解散；解体	N2
かいざい	介于；存在于中间	N1
かいし	开始	N3
かいしめる	买断	N1
かいしゃ	公司	N5
かいしゃいん	公司职员；上班族	N5
かいしゃく	解释；理解	N2
かいしゅう	回收；收回	N3
かいしょう	消除；解除	N2
かいしょく	聚餐	N1
かいしん	满意，得意	N1
かいじょ	解除	N1
かいじょう	会场	N4
かいすい	海水	N2
かいすいよく	海水浴	N2
かいすう	回数，次数	N3
かいせい	晴空万里	N3
かいせき	解析，分析	N1
かいせつ	解说，讲解	N2
かいせん	线路；回线	N1
かいぜん	改善	N2
かいそう	阶层	N1
かいたく	开垦；开拓	N1
かいだく	欣然允诺	N1
かいだん	楼梯，台阶	N5
かいちく	重盖，改建	N1
かいちゅう	海中	N1
かいちゅうでんとう	手电筒	N2
かいちょう	会长	N2
かいて	买主，买方	N2
かいてい	修订；改版	N2
かいてき	舒适的	N2
かいてん	开店	N3
かいとう	回答，答复	N2
かいとる	买下	N2
かいにゅう	介入，干涉	N1
かいぬし	饲养主	N3
かいはつ	开发；研发	N2
かいひ	会费	N3
かいふう	开封，拆开	N2
かいふく	恢复；康复	N2
かいぶつ	怪物	N1
かいへい	开关，开闭	N3
かいほう	解放	N2
かいまく	开幕；开始	N2
かいむ	全无；完全没有	N2
かいめい	查明；阐明	N1
かいもとめる	购买（正式）	N2
かいもの	买东西；购物	N5
かいやく	解约；取消	N2
かいらく	快乐，享乐	N1
かいらん	传阅	N2
かいり	乖离，背离	N2
かいりょう	改良	N2
かいろ	回路；电路	N2
かいわ	对话	N4
かう	购买	N5
かえす	归还；翻（过来）	N4
かえって	反倒，反而	N2
かえり	回来，回程	N5
かえりみる	反省	N1
かえる	改变（计划、地点）	N4
かお	脸；表情	N5
かおく	房屋，住房	N1
かおまけ	相形见绌	N1
かおり	芳香	N3
かかえこむ	抱住（主动）；双手抱，夹；承担（负担等）	N1
かかえる	抱着；负担	N2
かかく	价格	N3
かかげる	高举（旗帜、口号）；提出	N1
かかす	省略（步骤、早餐）	N2
かかり	负责人	N4
かかりいん	工作人员	N2
かかりつけ	经常就诊	N2
かかる	（费用、时间）花费；悬挂；上锁	N5
かかわり	关系，相干	N2
かかわりあう	互相牵连	N2
かかわる	涉及；关系到	N3
かかん	果断的；勇敢的	N1
かがく	科学	N3
かがみ	镜子	N3
かがむ	弯腰；蹲下	N2
かがやかしい	辉煌的；灿烂的	N2
かがやく	闪耀	N3
かき	柿子	N3
かきあつめる	搜集；扒，搂	N1
かきあらわす	写出；表达	N2
かきいれる	写入（把信息记入）；记入	N1
かきかた	写法	N4
かきげんきん	严禁烟火	N3
かきことば	书面语	N2
かきこむ	写入；填入	N2
かきたす	补写	N1
かきて	写作者	N2
かきとめる	记下（强调）	N1
かきとる	抄写（听写）；听写	N1
かきなおす	重写	N3
かきね	篱笆；隔阂	N1
かきのこす	写下并留下；留下未完成；写到一半；忘记写；遗漏	N2
かきまぜる	搅拌	N3
かきまわす	搅拌（搅动）；搅乱	N1
かぎ	钥匙；锁；关键；线索	N5
かぎとる	嗅出；察觉	N1
かぎょう	家业	N1
かぎり	限度；只要	N2
かぎりない	无限的；无尽的	N2
かぎる	限制；限定；限于；最好不过；莫过于	N2
かく	写	N5
かくい	各位	N2
かくいつてき	划一的；千篇一律	N1
かくう	虚构；架空	N1
かくえきていしゃ	每站停车	N3
かくご	觉悟；准备	N2
かくさ	差距；差异	N1
かくさん	扩散	N1
かくしつ	不和；隔阂	N1
かくしゅ	各种，各样	N1
かくしゅう	每隔一周；每两周	N1
かくしん	确信；把握	N2
かくじ	各自	N2
かくじつ	确实的；可靠的	N3
かくじゅう	扩充，扩张	N2
かくじん	各人；每个人	N2
かくす	隐藏（事实、礼物）；掩饰	N3
かくだい	扩大	N2
かくだん	格外的	N2
かくち	各地	N3
かくちょう	扩张；扩展	N2
かくてい	确定	N2
かくとく	获得	N2
かくど	角度；立场	N2
かくにん	确认，证实	N4
かくべつ	格外的	N2
かくほ	确保	N2
かくめい	革命	N2
かくやす	格外便宜的	N2
かくらん	扰乱；搅乱	N1
かくり	隔离；隔绝	N1
かくりつ	概率	N2
かくれが	隐居处；秘密据点	N2
かくれる	（人、月亮）躲藏；隐藏；隐遁	N2
かぐ	家具	N4
かけ	赌注；赌博	N1
かけあう	互相商量；交涉	N3
かけあがる	跑上去	N2
かけい	生计，家计	N2
かけこむ	跑进去	N2
かけごえ	吆喝声；号召声	N1
かけだし	初出茅庐；新手	N1
かけつ	赞成，通过	N1
かけつける	赶到	N1
かけぬける	飞奔而过	N2
かけはし	桥梁；纽带	N1
かけはなれる	相差悬殊	N1
かけひき	策略；讨价还价	N2
かけめぐる	到处奔跑	N1
かけよる	跑到跟前	N1
かける	挂（衣服）；带上、打电话或花费；坐、上锁	N5
かげ	影子；映像	N3
かげき	过激的	N2
かげん	程度；状况；健康状况；调节；适度	N2
かこ	过去，既往	N4
かこう	加工	N1
かこく	严酷的	N2
かこむ	包围	N3
かご	笼子，筐	N2
かごん	言过其实	N1
かさ	雨伞	N5
かさい	火灾	N3
かさかさ	干燥粗糙	N2
かささぎ	喜鹊	N4
かさなる	（物品、日程）重叠；赶在一起	N3
かさねて	再三，反复	N3
かさねる	叠放（书、箱子）；重叠地堆放；反复	N3
かさばる	体积大；占地方	N1
かさむ	增加；增多	N1
かざり	装饰	N3
かざる	装饰	N4
かざん	火山	N1
かし	点心，糕点	N5
かしかり	借贷；借还	N2
かしこい	聪明的	N2
かしこまりました	明白了；遵命	N2
かしこまる	恭敬；拘谨	N2
かしだす	借出；出借；放贷	N3
かしつ	过失	N1
かしゅ	歌手	N3
かしょ	处；地点	N3
かしん	过于相信	N1
かじ	火灾	N3
かじつ	果实	N2
かじとり	掌舵；指导	N2
かじょう	过剩的	N2
かじょうがき	分条写	N1
かじる	咬；啃；涉猎；略懂	N3
かす	借给；借出；提供	N5
かすか	微弱的；隐约的	N2
かする	课以；赋予任务	N2
かすれる	变沙哑；模糊	N1
かず	数，数量	N4
かずかず	种种，许多	N2
かせき	化石	N1
かせぎ	收入（口语）；赚钱	N2
かせぐ	赚钱；争取、获得	N3
かせつ	假说，假设	N1
かせん	下划线	N3
かぜ	风	N5
かぜあたり	风力；压力	N1
かぜとおし	通风；组织内部沟通；开放	N1
かぜをひく	感冒；着凉	N5
かそ	人口过少	N1
かそく	加速	N2
かぞえあげる	列举；数出	N1
かぞえる	数数	N4
かぞく	家族	N5
かた	位（礼称）；人	N4
かたい	硬的；拘谨的	N5
かたかな	片假名	N5
かたがき	头衔；职称	N1
かたがた	各位，诸位（礼貌）	N2
かたがわ	单侧，一侧	N1
かたくな	顽固的（拒绝坚持态度）	N1
かたくない	不难	N2
かたくるしい	拘谨的；死板的	N1
かたすみ	角落	N1
かたち	形状	N4
かたっぱしから	一个不漏地；挨个	N1
かたづく	（房间、事情）收拾好；收拾整齐；得到解决	N3
かたづける	收拾（房间、餐桌）；处理好	N4
かたて	一只手；单手	N1
かたどおり	按惯例的；正式的；规定的；老套的	N1
かたどる	仿造（仿照形状）；形成轮廓	N1
かたほう	一方；其中一边	N3
かたまり	块；团	N2
かたまる	（液体、人群）凝固；聚集到一起；稳固	N3
かたみち	单程	N3
かたむく	（房屋、夕阳）倾斜；倾向于、西斜；衰落	N2
かたむける	使…倾斜（杯子、身体）；倾注	N2
かためる	巩固；使坚硬，使凝固；堆集一处	N2
かたやぶり	打破常规的	N1
かたより	偏向；不均	N2
かたよる	偏向；偏斜	N2
かたりかける	向……诉说	N2
かたりつぐ	代代传述	N1
かたりて	讲述者	N2
かたる	讲述	N3
かたわら	旁边；一边	N1
かだい	课题；任务	N2
かだん	花坛	N3
かち	价值	N3
かちかん	价值观	N2
かちく	家畜	N1
かちとる	赢得	N1
かちぬく	取胜晋级	N1
かちまけ	输赢，胜负	N1
かちょう	课长	N4
かっき	活力，生机	N2
かっきてき	划时代的	N1
かっこ	坚定；不可动摇；坚决	N1
かっこいい	帅的；酷的	N4
かっこう	样子；外表；姿势；服装；打扮	N4
かっこく	各国	N3
かっせい	活性；活跃的	N1
かっせいか	活跃化；激活	N1
かっそう	滑行	N1
かったつ	豁达的	N1
かって	任性的；擅自的；自作主张；方便；情形	N2
かってでる	主动承担	N1
かっと	猛然（怒气）；勃然大怒	N1
かっとう	纠葛；矛盾	N2
かっぱつ	活泼的	N2
かつ	获胜	N4
かつじ	铅字；印刷字	N2
かつて	曾经；过去	N2
かつどう	活动	N4
かつぼう	渴望，切盼	N1
かつやく	活跃；大显身手	N2
かつよう	活用；利用	N2
かつりょく	活力，生机	N2
かて	粮食；食粮	N1
かてい	家庭	N3
かていきょうし	家庭教师	N3
かでん	家电	N2
かとう	下等的	N2
かど	角落；拐角	N4
かどう	运转；开工	N1
かな	假名	N4
かない	妻子；家里人	N3
かなう	（愿望、梦想）实现	N2
かなえる	实现（愿望、梦想）	N2
かなぐ	金属配件	N1
かなしい	悲伤的	N4
かなしみ	悲哀，悲伤	N2
かなた	彼方，那边	N2
かなづち	铁锤；旱鸭子	N1
かならず	一定，必定	N4
かならずしも	未必；不一定	N3
かなり	相当；颇为	N3
かなわない	敌不过；受不了	N2
かに	蟹，螃蟹	N1
かにゅう	加入	N1
かね	金钱，钱	N5
かねあい	平衡；权衡	N1
かねがね	很久以前	N1
かねつ	加热	N2
かねて	早就；事先	N2
かねもち	有钱人	N3
かねる	兼任；难以	N2
かのう	可能的	N4
かのうせい	可能性	N3
かのじょ	她；女朋友	N5
かはんしん	下半身	N2
かばう	庇护；袒护	N2
かばん	包	N5
かひ	可否；能否	N1
かび	霉	N3
かびん	花瓶	N3
かふそく	过多或不足	N1
かふん	花粉	N2
かふんしょう	花粉过敏症	N2
かぶか	股价	N1
かぶき	歌舞伎	N1
かぶしき	股票	N3
かぶしきがいしゃ	股份公司	N2
かぶせる	盖上；覆盖	N1
かぶぬし	股东	N1
かぶる	戴上	N3
かへい	货币	N2
かべ	墙	N4
かまえ	姿势（摆出的架势）；架势	N2
かまえる	设立；建造；经营；备好；预先准备；摆好姿势；做好准备	N1
かまわない	没关系	N3
かみ	纸	N5
かみあう	咬合；吻合	N2
かみがた	发型	N2
かみくず	纸屑，废纸	N1
かみさま	神；神明	N2
かみつ	过密的	N1
かみつく	咬住；猛烈地反驳	N1
かみなり	雷，雷电	N4
かみのけ	头发	N3
かみひこうき	纸飞机	N3
かむ	咀嚼；咬	N3
かめ	乌龟	N1
かめん	假脸；面具	N1
かもく	科目，学科	N3
かもしか	羚羊	N1
かもめ	海鸥	N1
かゆい	发痒的	N3
かよう	往返；通勤	N5
かようきょく	流行歌曲	N2
かようび	周二	N5
から	空；空手；无效；虚假；无谓；不真诚	N1
からあげ	炸鸡	N3
からい	辣的；烈的	N5
からから	干燥；干巴巴；空洞；空空的；（发出）喀啦喀啦声	N3
からくも	好不容易（勉强）；勉强	N1
からす	乌鸦	N3
からだ	身体	N5
からっと	干爽地；爽快地	N1
からっぽ	空荡的	N1
からまる	缠绕（自行）；缠绕，缠；纠纷，纠葛，纠缠	N2
からみあう	互相缠绕；互相纠缠，彼此牵扯	N1
からむ	缠绕；缠在……上；牵涉	N2
かられる	受……驱使	N2
かり	借来的东西；借用	N5
かりたてる	驱使（催促）；催促	N1
かりに	假如；暂且	N2
かりる	借来	N5
かる	割；剪	N1
かるい	轻的；轻松的	N5
かるがる	轻松地；毫不费力	N2
かれ	他；男朋友	N5
かれき	枯木，枯树	N2
かれし	男朋友；他	N4
かれら	他们	N2
かれる	枯萎	N3
かろやか	轻快的（动作声音轻盈）	N1
かわ	河川，河流	N5
かわいい	可爱的	N5
かわいがる	疼爱；宠爱；偏爱；抚摸；轻抚	N1
かわいそう	可怜的	N3
かわいらしい	可爱的	N3
かわかす	弄干	N3
かわきり	开端；首个	N1
かわく	变干	N3
かわす	交换（问候、意见）；交叉，交织	N2
かわせ	汇票；汇兑；外汇	N1
かわら	河滩	N1
かわり	代替，替代	N3
かわりもの	怪人；与众不同的人	N3
かわる	发生变化；不同寻常；更换座位等	N4
かん	间，期间	N4
かんい	简易的	N2
かんか	感化，影响	N2
かんかく	间隔	N3
かんかつ	管辖	N1
かんがい	感慨	N1
かんがえ	想法，思想（想法、意见）	N5
かんがえかた	想法（思考方式、观点）	N3
かんがえこむ	陷入沉思	N2
かんがえごと	心事；思考的事	N2
かんがえだす	想出；开始考虑	N2
かんがえなおす	重新考虑	N2
かんがえる	思考	N5
かんがみる	鉴于	N1
かんき	唤起，提醒	N1
かんきせん	换气扇	N3
かんきゃく	观众	N3
かんきょう	环境	N3
かんけい	关系	N4
かんけつ	简洁的	N2
かんげい	欢迎；款待	N3
かんげいかい	迎新会	N3
かんげき	感动，激动	N3
かんげん	还原；返还；减少；化学还原；脱氧	N1
かんこう	观光，旅游	N3
かんこうきゃく	游客，游人	N4
かんこうち	观光地	N3
かんこうちょう	政府机关	N1
かんこく	韩国	N2
かんこくご	韩语	N4
かんこくじん	韩国人	N4
かんご	看护，护理	N4
かんごし	护士	N3
かんさい	关西地区	N1
かんさいべん	关西方言	N3
かんさつ	观察	N3
かんさん	换算，折合	N2
かんし	监视	N1
かんしゃ	感谢	N4
かんしゅう	监修；审校	N2
かんしょう	鉴赏，欣赏	N2
かんしょく	触感；感觉	N1
かんしん	关心；兴趣	N3
かんじ	汉字	N5
かんじとる	感受到	N2
かんじゃ	患者，病人	N3
かんじゅせい	感受性	N2
かんじょう	感情，情绪	N3
かんじょうてき	感情上的；情绪化	N3
かんじる	感到；觉得	N4
かんじん	关键的	N2
かんする	关于；涉及	N3
かんせい	完成	N3
かんせつ	关节	N1
かんせん	观看比赛	N2
かんぜん	完整的；完全的	N3
かんそ	简朴的	N1
かんそう	干燥	N3
かんそく	观测；观察	N2
かんたん	简单的	N5
かんだい	宽大的	N1
かんち	察觉，感知	N1
かんちがい	误会	N2
かんちょう	馆长	N1
かんづめ	罐头	N1
かんてい	鉴别，鉴定	N1
かんてん	观点，看法	N2
かんとく	监督；导演	N2
かんどう	感动	N3
かんない	馆内	N3
かんねん	观念；想法；责任感；死心；认命；有所准备	N2
かんばい	卖光，售完	N1
かんばしい	芳香的；可喜的	N1
かんばん	招牌	N3
かんぱい	干杯	N2
かんび	完备，完善	N2
かんびょう	护理，看护	N2
かんべん	饶恕，容忍	N1
かんぺき	完美的	N2
かんめい	感动；深刻印象	N1
かんゆう	劝诱，邀请	N2
かんよう	宽容的	N1
かんようしょくぶつ	赏叶植物	N1
かんり	管理，管辖	N3
かんりゃく	简略的	N2
かんりょう	完结，完成	N3
かんれい	寒冷的	N1
かんれん	关联，相关	N2
かんわ	缓和，缓解	N1
が	蛾	N1
がい	害，害处	N2
がいか	外币	N1
がいかん	外观，外表	N2
がいけん	外观，外形	N2
がいこう	外交	N1
がいこく	外国，国外	N5
がいこくご	外语	N5
がいこくじん	外国人	N5
がいしゅつ	外出	N3
がいしょく	在外面吃饭	N3
がいそう	外装；外观	N1
がいちゅう	害虫	N1
がいちょう	害鸟	N1
がいてき	外部的	N1
がいとう	街头	N1
がいねん	概念	N2
がいぶ	外部	N2
がいよう	概要	N2
がいらい	外来；门诊	N2
がいらいご	外来语	N1
がいらいしゅ	外来物种	N1
がいりゃく	概略，概要	N1
がいろん	概论	N1
がか	画家	N3
がく	……学科	N5
がくえん	学园，学校	N2
がくぎょう	学业	N1
がくさい	跨学科	N1
がくしゃ	学者	N2
がくしゅう	学习	N3
がくじゅつ	学术	N1
がくせい	学生	N5
がくせつ	学说	N1
がくぜん	惊愕；震惊；惊骇	N1
がくちょう	大学校长	N1
がくねん	年级	N3
がくひ	学费	N1
がくふ	乐谱	N1
がくぶ	学部；院系	N3
がくめい	学名	N2
がくもん	学问；学术	N2
がくりょく	学习能力	N2
がくれい	学龄	N1
がくれき	学历	N3
がけ	山崖，悬崖	N1
がさがさ	粗糙的；沙沙作响	N1
がしつ	画质	N1
がぞう	图像；图片	N2
がたがた	嘎嘎作响；颤抖；哆嗦；摇晃；发牢骚；抱怨	N1
がっか	专业，学科	N3
がっかり	失望，沮丧	N3
がっき	学期	N3
がっこう	学校	N5
がっしゅく	集训；合宿	N2
がっしょう	合唱	N2
がっち	一致；符合	N1
がっちり	结实的；牢固的；紧绷的；精明的；会算计的	N1
がっぺい	合并	N1
がまん	忍耐，忍受	N3
がみがみ	唠叨	N1
がめつい	贪婪的；爱占便宜	N2
がめん	画面，屏幕	N2
がやがや	喧闹（人高声喧谈）；吵嚷	N1
がようし	图画纸	N2
がら	花样；性质	N3
がらがら	哗啦啦；空荡荡	N3
がらり	突然改变；哗啦	N1
がわ	一侧，一方	N4
がん	癌症	N1
がんこ	顽固的	N2
がんじょう	坚固的	N2
がんそ	始祖；创始者	N1
がんばる	加油；努力	N4
がんぼう	愿望	N2
がんめい	顽固的	N1
がんめん	脸，面部	N1
がんらい	原来，原本	N1
き	树木；木材	N5
きあい	气势，劲头	N1
きあつ	气压	N2
きいろい	黄色的	N5
きうん	气运；势头	N1
きえさる	彻底消失；远去	N1
きえる	（灯、火、痕迹）消失；熄灭	N4
きおい	勇猛，气势	N1
きおく	记忆	N2
きおくれ	胆怯，畏缩	N2
きおん	气温	N3
きかい	机械，机器	N4
きかいてき	机械性的	N2
きかく	企划；策划	N2
きかくしょ	企划书	N4
きかせる	讲给……听；中听，动听	N3
きかん	期间；期限	N3
きかんしゃ	火车头；机车	N1
きが	饥饿	N1
きがい	气概，气魄	N1
きがえ	换衣	N3
きがえる	换衣服	N1
きがかり	担心的	N1
きがつく	注意到；意识到；留心；恢复意识	N1
きがね	顾虑，客气	N2
きがる	轻松的；随意的	N2
きき	设备；器械	N2
ききかん	危机感	N2
ききじょうず	善于倾听的	N3
ききだす	问出；开始听	N1
ききつける	听到；听惯	N1
ききて	听者；听众	N2
ききとり	听取；听懂	N3
ききとる	听懂；听取	N2
ききなおす	再问；重新问；重新听	N2
ききめ	效力，效用（药物措施效果）	N2
ききわけ	听懂，听话	N1
きぎょう	企业	N3
きく	听（音乐、话）；询问	N5
きくばり	关心照顾	N2
きぐ	器具；用具	N2
きけつ	归结；结果	N1
きけん	危险的	N4
きげき	喜剧	N1
きげん	期限	N3
きげんぜん	公元前	N1
きこう	气候	N2
きこえる	（声音、话）听得见；听起来觉得……	N4
きこく	回国	N4
きごう	记号，符号	N1
きごころ	脾气；性情	N1
きさい	记载，刊载	N1
きさく	随和的；爽快的	N2
きざい	器材；器具设备	N1
きざし	预兆，兆头	N1
きざみこむ	刻入；刻上；铭刻（于心）	N2
きざむ	刻；切细；牢记	N2
きし	岸，岸边	N1
きしつ	气质，性情	N1
きしゃ	蒸汽火车	N2
きしゅ	机种，种类	N2
きしょう	气象	N2
きじ	报道；文章	N3
きじつ	日期；期限	N2
きじゅつ	记述	N1
きじゅん	基准，标准	N2
きず	伤口；伤痕；划痕；瑕疵	N4
きずく	建造（偏向）；建立	N2
きずつく	受伤；负伤；损坏	N2
きずつける	弄伤；使……负伤；损坏	N2
きずな	纽带，羁绊	N1
きせい	回乡探亲	N2
きせいちゅう	寄生虫	N1
きせき	奇迹	N1
きせつ	季节	N4
きせつふう	季风	N1
きぜん	毅然的	N1
きそ	根基；基础	N3
きそう	竞争	N2
きそく	规则	N3
きそくてき	有规律的	N1
きそん	既存的	N1
きぞう	赠予，捐赠	N1
きぞく	贵族	N1
きた	北方，北面	N5
きたい	期待，期望	N4
きたえる	锻炼；磨炼	N2
きたがわ	北方，北侧	N5
きたく	回家	N3
きたす	招致；导致	N3
きたない	脏的；难看的	N5
きち	基地	N1
きちょう	机长	N3
きちょうひん	贵重物品	N2
きちんと	好好地（规整）；整齐地	N3
きっかけ	契机；机会	N2
きっかり	恰好；整整	N1
きっこう	较量，对抗	N1
きっさてん	咖啡店	N5
きっちり	准确地；严整地	N1
きって	邮票	N5
きっと	一定，必定	N4
きっぱり	断然地；干脆地	N2
きっぷ	票	N5
きつい	累的；紧的	N3
きつえん	吸烟，抽烟	N2
きつけ	穿衣；穿衣方式	N4
きづかう	担心；照料	N1
きづく	注意到	N4
きてい	规定	N2
きてき	汽笛	N2
きてん	贵商店	N2
きどあいらく	喜怒哀乐	N1
きどう	启动	N1
きにいる	喜欢；中意	N4
きにする	在意	N3
きになる	在意；担心；感兴趣；好奇；想做	N3
きにゅう	填写	N3
きぬ	丝绸	N2
きぬいと	丝线	N1
きねん	纪念	N3
きねんひん	纪念品	N3
きのう	昨天	N5
きのこ	蘑菇	N2
きのどく	可怜的（礼貌）	N3
きはく	稀薄的；淡薄的	N1
きはずかしい	害羞；难为情	N2
きはん	规范，标准	N1
きばつ	奇特的；新奇的	N1
きばん	根基，基础	N1
きひ	忌讳；回避	N1
きびしい	严格；严厉；严峻；艰难	N4
きびん	机敏的	N2
きふ	捐助，捐赠	N2
きふく	起伏；跌宕	N1
きぶん	情绪；状态	N4
きぶんてんかん	转换心情	N2
きほん	基本，基础	N3
きぼ	规模；范围	N2
きぼう	希望，期望	N4
きまぐれ	任性的（多变）；反复无常	N1
きまずい	尴尬的；不自在	N1
きまって	一定，总是	N3
きまつ	期末	N3
きまま	任性的（随心）；随意的	N1
きまり	决定；规定	N3
きまりもんく	惯用语；套话	N2
きまる	（日期、规则）定下来；决定，规定；一定	N4
きみ	你；君	N4
きみつ	机密	N1
きみょう	奇妙的；古怪的	N2
きめい	记名；署名	N1
きめつける	擅自断定	N2
きめて	决定性因素	N1
きめる	决定（日期、计划）；决心；断定	N4
きも	肝脏；内脏；胆量；勇气；要点；关键	N1
きもち	心情；感受	N4
きもちわるい	不舒服；恶心	N3
きもの	和服	N4
きゃく	客人，顾客	N4
きゃくしつ	客厅；客房	N1
きゃくしょく	改编；润色	N1
きゃくせき	观众席	N2
きゃくそう	顾客层次	N1
きゃくほん	脚本，剧本	N1
きゃっか	驳回；不批准	N1
きゃっかんせい	客观性	N1
きゃっかんてき	客观的	N2
きゃっこうをあびる	受到瞩目	N1
きやく	规章，章程	N1
きゅう	九	N5
きゅうか	休假	N2
きゅうかい	休会	N1
きゅうかん	停止开放	N3
きゅうきゅうしゃ	急救车	N4
きゅうきょ	匆忙，仓皇	N1
きゅうきょく	终极的；最终的；最后的	N1
きゅうぎょう	停业，歇业	N2
きゅうくつ	狭窄的；紧的；拘谨的；正式刻板的；拘束不自在的	N1
きゅうけい	休息，歇	N2
きゅうけいじかん	休息时间	N3
きゅうげき	急剧的	N2
きゅうこう	快车；急行	N4
きゅうこん	球根	N1
きゅうし	休止，停止	N2
きゅうしゅう	吸收，吸取	N2
きゅうしょく	学校供餐	N1
きゅうしん	急进；激进	N1
きゅうじつ	假日	N3
きゅうじょう	棒球场	N3
きゅうじん	招聘，招工	N2
きゅうせき	古迹	N2
きゅうそく	迅速的	N2
きゅうぞう	急剧增加	N2
きゅうでん	宫殿	N1
きゅうに	突然，紧急	N3
きゅうみん	休眠	N2
きゅうむ	急务；当务之急	N1
きゅうめい	调查清楚	N1
きゅうよ	给予；薪酬	N1
きゅうよう	休养	N2
きゅうらい	旧来；过去	N1
きゅうり	黄瓜	N3
きゅうりょう	工资，薪水	N3
きょう	今天	N5
きょういく	教育，教养	N4
きょういん	教员，教师	N2
きょうえん	飨宴，盛宴	N1
きょうか	科目	N3
きょうかい	协会	N2
きょうかしょ	教科书	N4
きょうかん	同感	N2
きょうき	凶器	N1
きょうきゅう	供给，供应	N2
きょうぎ	体育比赛	N2
きょうくん	教训；训诫	N2
きょうぐう	境遇，处境	N2
きょうげき	京剧	N3
きょうこ	坚固的	N1
きょうこう	强硬的	N1
きょうごう	竞争	N1
きょうさく	歉收	N1
きょうざい	教材	N2
きょうし	教师	N3
きょうしつ	教室	N5
きょうしゃ	强者	N1
きょうしゅく	惶恐；过意不去	N2
きょうじゃく	强弱	N2
きょうじゅ	教授；讲授；教学	N2
きょうじゅつ	供述，口供	N1
きょうせい	矫正	N2
きょうそう	竞争，比赛	N3
きょうそん	共存	N1
きょうたん	惊叹	N1
きょうだい	兄弟姐妹	N5
きょうちゅう	胸中，内心	N1
きょうちょう	强调	N2
きょうつう	共同的	N3
きょうつうてん	共同点	N3
きょうと	京都	N5
きょうど	故乡；乡土	N1
きょうどう	共同	N2
きょうはく	强迫	N1
きょうふ	恐惧，恐慌	N2
きょうふう	强风，大风	N2
きょうみ	兴趣	N4
きょうみぶかい	有趣的（引人兴趣）；耐人寻味	N2
きょうゆう	共有，共享	N2
きょうよ	供给，提供	N1
きょうよう	教养；修养	N2
きょうり	故乡，老家	N1
きょうりゅう	恐龙	N1
きょうりょく	协力，合作	N4
きょうれつ	强烈的	N2
きょえい	虚荣	N2
きょか	许可，允许	N2
きょがく	巨额；巨款；大量	N1
きょく	乐曲；歌曲；曲调；乐趣	N3
きょくせん	曲线	N2
きょくたん	极端的	N2
きょくど	极度的	N1
きょくめん	局面，局势	N1
きょくりょく	极力，尽量	N1
きょこう	虚构；假想	N1
きょしょう	巨匠；大师	N1
きょじゅう	居住	N1
きょぜつ	拒绝	N1
きょだい	巨大的	N2
きょてん	基地，据点	N1
きょねん	去年	N5
きょひ	拒绝，否决	N2
きょぼく	大树	N1
きょよう	容许，接受	N1
きょり	距离；差距	N4
きょろきょろ	东张西望	N2
きよ	贡献	N1
きよい	清澈的；纯洁的	N1
きよう	灵巧的；能干的	N2
きよらか	清澈的；纯洁的	N1
きらい	讨厌的（性质、对象）；不良倾向	N4
きらう	讨厌	N3
きらきら	闪闪发光	N2
きらく	轻松的；自在的	N2
きらす	用完（存货）；中断	N1
きり	雾；喷雾	N1
きりおとす	切掉；剪掉，砍掉；掘开堤坝	N1
きりかえ	切换，转换	N1
きりかえる	切换	N3
きりくち	切口；切入点	N1
きりすてる	切掉（舍弃）；舍去尾数	N2
きりたつ	陡峭；耸立	N1
きりだす	开始说；将木材或石头切割后运出	N1
きりつ	规律，纪律	N2
きりとる	切下	N2
きりぬける	摆脱；闯过	N1
きりはなす	分开	N1
きりひらく	开拓；杀开；开辟，开创	N1
きりょく	元气，精力	N2
きる	穿上衣	N5
きれ	碎片；切口	N3
きれい	漂亮的；干净的	N5
きれめ	间隙；中断；暂停；间隔；切口；刻痕	N1
きれる	（绳子、电池）断开；用尽、到期；头脑敏锐	N4
きろ	歧路，岔道	N1
きろく	记载，记录	N3
きわだつ	突出；显眼	N1
きわまりない	极其的	N2
きわまる	（美丽）达到极点；穷尽、极端；极致、极限	N1
きわめて	极其，非常	N2
きわめる	达到极致（技术）；到极点；彻底查明	N2
きをつける	注意；小心	N3
きんいつ	均一的	N1
きんえん	禁烟；戒烟；禁止吸烟	N3
きんかい	近海	N1
きんがく	金额	N2
きんきゅう	紧急的	N1
きんきょう	近况	N1
きんぎょ	金鱼	N2
きんこ	保险柜；金库	N1
きんこう	近郊，郊区	N1
きんし	禁止	N3
きんしつ	均质的	N1
きんじょ	近处，附近	N4
きんじる	禁止；禁令	N2
きんせつ	接近；邻近	N1
きんせん	金钱，货币	N1
きんぞく	金属	N2
きんだい	近代；现代	N2
きんちょう	紧张	N4
きんとう	均等的	N1
きんにく	肌肉	N2
きんねん	近几年	N2
きんぱく	紧迫，紧张	N1
きんべん	勤勉的	N1
きんぺん	附近；周边	N1
きんみつ	紧密的	N1
きんむ	上班	N2
きんもつ	忌讳；切忌	N1
きんゆう	金融，信贷	N1
きんようび	周五	N5
きんりん	近邻，邻近	N1
ぎいん	议员	N2
ぎかい	议会	N2
ぎくしゃく	不融洽；僵硬	N1
ぎこう	技巧	N2
ぎこちない	笨拙的；不自然的	N1
ぎしき	仪式，典礼	N2
ぎじ	议事	N1
ぎじゅつ	技术，工艺	N4
ぎじゅつしゃ	技术人员	N2
ぎせい	牺牲	N1
ぎぞう	伪造	N1
ぎだい	议题	N1
ぎちょう	议长；主席	N2
ぎっしり	满满地；紧密地	N2
ぎのう	技能，本领	N1
ぎふ	岳父；继父	N1
ぎほう	技术，技巧	N1
ぎむ	义务，本分	N2
ぎもん	疑问	N4
ぎゃく	相反的	N4
ぎゃくこうか	反效果	N2
ぎゃくさん	倒推；倒算	N2
ぎゃくてん	反转；逆转	N1
ぎゃくもどり	倒退；返回	N1
ぎゃっこう	逆行；倒退	N1
ぎゅうぎゅう	挤得满满的	N2
ぎゅうじる	把持；操纵	N1
ぎゅうにゅう	牛奶	N5
ぎゅっと	紧紧地	N2
ぎょうかい	业界	N1
ぎょうかん	行间；字里行间	N1
ぎょうぎ	礼仪；举止	N2
ぎょうざ	饺子	N4
ぎょうし	凝视，注视	N1
ぎょうしゃ	业者；商家	N1
ぎょうしゅ	行业	N1
ぎょうしゅく	凝结，凝聚	N1
ぎょうじ	活动；仪式	N2
ぎょうせい	行政；政务	N1
ぎょうせき	业绩；成就	N2
ぎょうてん	非常吃惊	N1
ぎょうむ	业务	N2
ぎょうれつ	行列，队伍	N2
ぎょかく	渔获；捕捞量	N1
ぎょぎょう	渔业	N1
ぎょじょう	渔场	N1
ぎょみん	渔民	N1
ぎょるい	鱼类	N1
ぎりぎり	勉强；刚好	N2
ぎりょう	技能；本领	N1
ぎろん	议论，讨论	N2
ぎん	银；银色；银牌；银奖；第二名	N1
ぎんこう	银行	N5
ぎんこういん	银行员	N3
ぎんざ	银座	N3
ぎんみ	仔细审查；仔细调查；斟酌挑选	N1
く	区	N2
くい	桩子	N1
くいき	区域，范围	N1
くいこむ	嵌入；侵占	N1
くいしんぼう	贪吃的	N1
くいちがう	不一致；错开	N1
くいとめる	阻止；遏制	N1
くいる	后悔	N1
くう	吃（正式）；（男性用语）吃；生活	N2
くうかん	空间	N2
くうき	空气，气氛	N4
くうきょ	空虚的	N1
くうこう	空港	N5
くうせき	空座	N3
くうそ	空洞的	N1
くうそう	空想，虚构	N2
くうちゅう	空中	N1
くうどう	空洞，窟窿	N2
くうどうか	空心化；使失去实质；去工业化	N1
くうはく	空白的	N1
くうふく	空腹；饥饿	N1
くうらん	空栏；空白	N1
くうろん	空谈；空论	N1
くえき	苦役；苦差事	N1
くがつ	九月	N5
くきょう	困境	N1
くぎ	钉子	N1
くぎり	段落；分界	N2
くぎる	分隔；划分	N2
くくる	捆绑；概括	N1
くげん	逆耳忠言	N1
くさ	草，杂草	N4
くさい	臭的	N3
くさばな	花草	N2
くさむら	草丛	N1
くさる	腐烂	N3
くさわけ	先驱；开创者	N1
くし	运用自如	N1
くしゃくしゃ	皱巴巴的；揉皱	N1
くしゃみ	喷嚏	N3
くしょう	苦笑	N1
くじ	签，抽签	N2
くじく	扭伤；挫败	N1
くじける	气馁；受挫；扭伤；折断	N1
くじびき	抽签	N2
くじょ	驱除；消灭	N1
くじょう	牢骚，抱怨	N2
くすり	药，药品	N5
くすりゆび	无名指	N3
くず	碎屑；废物	N1
くずす	拆散；拆，粉碎，使崩溃，使分崩离析；打乱	N2
くずれる	崩塌；崩溃、散乱；变坏、换零钱	N2
くせ	习惯；毛病	N3
くせん	苦战；艰难作战	N2
くたくた	筋疲力尽；软塌塌	N2
くたびれる	疲惫；疲劳；磨损；变旧；厌倦	N3
くだ	管子	N2
くだける	破碎；崩塌；瓦解；消退；冷却；意志消沉；变得不拘谨；变得亲切	N1
ください	请给；请做	N5
くださる	赐予；给我	N5
くだす	作出；命令	N2
くだもの	水果	N5
くだらない	无聊的；无价值的	N2
くだり	下坡；下段	N2
くだりざか	下坡（明确）；衰退	N1
くち	嘴；入口	N5
くちかず	说话的字数；供养人数；份数；物品数；申请数	N1
くちぐせ	口头禅	N1
くちだし	插嘴，干预	N1
くちびる	嘴唇	N4
くちぶえ	口哨	N1
くちやかましい	爱唠叨的；挑剔的	N1
くちコミ	口头传播；网络评论；网上评价	N1
くっきり	清晰地；鲜明地	N2
くったく	忧虑；操心	N1
くっつく	粘住；贴住；紧跟；亲近；关系密切	N2
くつ	鞋子	N5
くつがえす	推翻	N1
くつした	袜子	N5
くつじゅう	屈服；顺从	N1
くつろぐ	放松；休息	N1
くどい	啰嗦的；味重的	N2
くなん	苦难	N2
くに	国家；家乡	N5
くにぐに	各国	N2
くのう	苦恼	N1
くばる	分发；分配	N3
くび	脖子；颈部	N4
くびになる	被解雇	N4
くびれる	变细	N1
くふう	设法；下功夫	N3
くぶん	划分；分隔；分类；分组	N2
くべつ	区别；辨别	N3
くまなく	不遗漏地；到处	N1
くみ	组；班	N4
くみあい	组合；工会	N1
くみあげる	抽上来；舀，抽（液体）；采纳（下属或群众的要求、建议等）	N1
くみあわせ	搭配，组合	N2
くみあわせる	搭配；组合对象	N2
くみいれる	编入；加入整体	N1
くみこむ	嵌入；纳入结构或系统	N2
くみたて	组装	N3
くみたてる	组装；组织；装配	N3
くみとる	领会；汲取	N2
くむ	组合；构成整体	N4
くめん	筹措；设法准备	N1
くも	云，云彩	N4
くもり	阴天	N5
くもる	转阴；起雾	N5
くやしい	懊悔的；不甘心	N3
くやむ	后悔；哀悼	N2
くよくよ	忧虑不已	N1
くらい	暗的；阴沉的	N5
くらし	生活；生计	N3
くらす	生活（城市、乡下）	N4
くらべる	比较	N4
くらやみ	黑暗；暗处	N2
くりあげる	提前；提上去	N2
くりかえし	反复，重复	N3
くりかえす	反复做	N4
くりこす	结转；延期	N1
くりひろげる	展开；进行	N2
くる	来	N5
くるしい	痛苦的；困难的	N4
くるしみ	痛苦；苦难	N1
くるしむ	受苦；苦恼	N2
くるま	车	N5
くるまいす	轮椅	N3
くるむ	包裹	N2
くれ	黄昏；年末	N2
くれぐれも	务必；千万	N1
くれる	给我	N5
くろ	黑色	N5
くろい	黑的	N5
くろう	辛苦；劳苦	N3
くろうと	内行，行家	N2
くろじ	盈余，赚钱	N1
くろずむ	发黑；变黑	N1
くわえる	加入（调料、成员）；加上	N3
くわしい	详细的；熟悉的	N4
くわわる	（成员、力量）加入；增加	N2
くんりん	君临；统治	N1
くんれん	训练，培训	N3
ぐあい	状况；身体情况	N4
ぐいぐい	用力地；强势地	N1
ぐうぜん	偶然的	N3
ぐずぐず	磨蹭；拖拉；抱怨；嘟囔；天气不稳定	N1
ぐたいてき	具体的	N3
ぐち	抱怨	N3
ぐちょく	愚直的；老实的	N1
ぐっすり	酣睡，熟睡	N3
ぐったり	筋疲力尽	N2
ぐっと	一口气；明显地	N1
ぐらぐら	摇晃；摇摇晃晃	N3
ぐらつく	摇晃；动摇	N2
ぐるぐる	团团转；旋转	N2
ぐんぐん	迅速地；大幅地	N2
ぐんしゅう	群众	N1
ぐんと	大幅地；猛地	N2
け	毛；头发	N3
けい	系列；体系	N3
けいあい	敬爱	N1
けいい	敬意	N2
けいえい	经营，运营	N3
けいえん	敬而远之；回避	N1
けいか	经过；进展	N2
けいかい	警戒，防范	N1
けいかく	计划	N4
けいかん	警察	N2
けいき	景气；繁荣	N2
けいぐ	敬上；书信结语	N2
けいけん	经验	N4
けいげん	减轻	N1
けいこう	荧光	N3
けいこうとう	荧光灯	N3
けいこく	警告	N2
けいご	敬语	N3
けいさい	刊登，登载	N2
けいさつ	警察	N4
けいさつかん	警察，警官	N4
けいさん	计算	N3
けいざい	经济	N3
けいざいてき	经济的；经济上	N3
けいし	轻视，蔑视	N2
けいしき	形式；格式	N2
けいしつ	性状；特征	N1
けいしゃ	倾斜；倾向	N1
けいしょう	轻伤	N2
けいじ	布告，告示	N3
けいじばん	布告栏	N3
けいじょう	形状	N1
けいせい	形成	N2
けいそう	轻便服装；轻便装备	N1
けいそく	测量；计量	N2
けいそつ	轻率的	N1
けいぞく	继续，接续	N2
けいたい	手机；携带	N5
けいたいでんわ	手机	N4
けいだい	寺庙、神社等的境内；场地	N1
けいちょう	倾听	N1
けいと	毛线	N2
けいにく	鸡肉	N3
けいはつ	启发，启蒙	N1
けいひ	经费，开支	N2
けいひん	奖品；赠品	N2
けいび	警备；保卫	N2
けいほう	警报	N1
けいもう	启蒙，启发	N1
けいやく	契约，合同	N2
けいゆ	经由；通过	N3
けいり	会计事务	N2
けいれき	经历，履历	N1
けいれん	痉挛；抽搐	N1
けいろ	途径；路线；渠道；过程；阶段	N1
けいろうのひ	敬老节	N1
けが	伤，受伤	N4
けげん	诧异的；疑惑的	N1
けさ	今天早上	N5
けしいん	邮戳	N1
けしき	景色，风景	N4
けしょう	化妆	N3
けしゴム	橡皮	N5
けす	关掉（灯、电源）；熄灭；抹去	N5
けずる	削；削减	N3
けた	位数；数量级；横梁	N2
けち	吝啬的	N3
けっか	结果	N4
けっかん	缺点，缺陷	N2
けっき	血气；冲动	N1
けっきょく	结果；到头来	N3
けっきん	缺勤，请假	N1
けっこう	很好；足够	N4
けっこん	结婚	N5
けっこんしき	婚礼	N4
けっさい	裁决，审批	N1
けっさく	杰作	N1
けっさん	结账，结算	N1
けっして	绝不	N4
けっしゅう	集结；汇集	N3
けっしょう	决胜，决赛	N2
けっしん	决心，决意	N3
けっせい	结成，组成	N1
けっせき	缺席	N3
けっそく	团结；捆扎	N1
けっちゃく	解决，了结	N2
けってい	决定，确定	N4
けってん	缺点	N3
けつあつ	血压	N3
けつい	决意，决心	N2
けつえき	血液	N3
けつえん	血缘	N1
けつごう	结合，连接	N1
けつじつ	结果；实现	N2
けつじょ	缺乏，缺少	N1
けつだん	决断；决定	N2
けつだんりょく	决断力	N2
けつにく	血亲；骨肉；肉体	N1
けつべつ	诀别，告别	N1
けつまつ	结局	N1
けつろん	结论，结果	N2
けなす	贬低；诋毁	N1
けねん	担心，惦记	N1
けはい	迹象，苗头	N2
けむり	烟；烟状物	N2
けれど	不过，可是	N4
けわしい	险峻的；严厉的	N2
けん	县	N3
けんい	权威	N1
けんえつ	审查	N1
けんお	嫌恶，厌恶	N1
けんか	吵架，打架	N3
けんかい	见解；看法	N2
けんがい	县外	N1
けんがく	参观，见学	N4
けんきゅう	研究	N4
けんきゅういん	研究员	N1
けんきゅうしつ	研究室	N3
けんきゅうしゃ	研究者	N3
けんきゅうじょ	研究所	N3
けんきょ	谦虚的	N2
けんげん	权限；职权	N1
けんこう	健康；健康的	N3
けんさ	检查；检验	N3
けんさく	检索	N2
けんさつ	检察	N2
けんさん	钻研，研究	N1
けんし	犬齿，犬牙	N1
けんしき	见识；见解	N1
けんしゅう	培训；进修	N2
けんしゅうせい	研修生	N4
けんしょう	验证；检验	N1
けんしん	体检；检查	N2
けんじつ	稳妥的	N1
けんじゃ	贤者	N2
けんせつ	建设	N3
けんぜん	健全的	N2
けんそん	谦逊；谦虚	N2
けんち	观点；立场	N1
けんちく	建筑；建造	N3
けんちくか	建筑师	N4
けんちょ	显著的	N1
けんとう	研究；探讨	N3
けんない	县内	N2
けんぶつ	观赏，游览	N3
けんぶん	见闻，知识	N1
けんぽう	宪法	N2
けんめい	拼命的	N3
けんり	权利	N2
けんりつ	县立，县办	N1
けんりょく	权力	N2
けんろう	坚固的；牢靠的	N1
げいごう	迎合	N1
げいじゅつ	艺术	N3
げいじゅつか	艺术家	N3
げいとう	技艺；本领	N1
げいのう	文艺，文娱	N2
げいのうじん	艺人	N1
げか	外科	N1
げき	戏剧；剧本	N2
げきげん	急剧减少	N1
げきじょう	剧场	N2
げきだん	剧团；戏剧公司	N1
げきてき	戏剧性的	N2
げきどう	剧烈变动	N1
げきりゅう	激流，急流	N1
げし	夏至	N1
げしゅく	寄宿；寄宿处	N1
げじゅん	下旬	N2
げすい	下水道；污水	N1
げっかん	一个月期间	N3
げっしゃ	月费；学费	N1
げつ	月；月份	N5
げつまつ	月底	N3
げつようび	周一	N5
げん	现～；现实	N1
げんあん	原案	N1
げんいん	原因	N4
げんえき	现役；在职	N1
げんか	成本价	N1
げんかい	极限，界限	N2
げんかく	严格的	N1
げんかん	玄关	N5
げんが	原画	N1
げんき	健康；精神	N5
げんきゅう	提及，说到	N1
げんきょう	元凶；罪魁祸首	N1
げんきん	现金	N3
げんけい	原型，模型	N1
げんこう	原稿，草稿	N2
げんこうようし	稿纸	N1
げんご	言语，语言	N3
げんごがく	语言学	N2
げんさく	原作，原著	N2
げんざい	现在；现状	N4
げんざいりょう	原材料	N2
げんし	原始，原初	N1
げんしゅ	严格遵守	N2
げんしゅく	庄严的；严肃的	N1
げんしょ	原初；最初	N1
げんしょう	减少	N3
げんしょく	现职，现任	N1
げんじつ	现实	N2
げんじてん	目前，现在	N2
げんじゅう	严密的；严格的	N2
げんじゅうしょ	现住址	N1
げんじょう	现状	N2
げんすい	减衰，衰减	N2
げんせい	严正的	N1
げんせいりん	原始森林	N1
げんせん	源泉；来源	N1
げんぜい	减税	N1
げんそう	幻想	N1
げんそく	减速	N2
げんそん	现存，现有	N3
げんだい	现代	N2
げんち	当地；现场	N2
げんてい	限定，限制	N2
げんてん	减分，扣分	N2
げんとう	严冬，隆冬	N1
げんど	限度，界限	N1
げんどう	言行	N1
げんどうりょく	动力；原动力	N1
げんば	现场；基层	N2
げんぶん	原文	N1
げんみつ	严密的	N1
げんゆ	原油	N1
げんり	原理	N2
げんりょう	原料	N3
こ	孩子；小孩	N4
こい	浓的；深的	N4
こいしい	想念的（远方的人、故乡）	N3
こいする	爱上；恋爱	N1
こいつ	这家伙	N2
こいびと	恋人	N2
こう	这样，这么	N5
こうあん	设计，构思	N1
こうい	行为，举动	N2
こういう	这种，这样	N5
こううん	幸运的	N2
こうえい	光荣；荣幸	N1
こうえき	交易，贸易	N1
こうえつ	校阅，校订	N1
こうえん	公园	N5
こうお	好恶，爱憎	N2
こうおん	高温	N2
こうか	效果，功效	N4
こうかい	公开	N2
こうかん	交换；交易	N3
こうがい	郊外，城外	N3
こうがく	工程学	N2
こうがくねん	高年级	N1
こうきあつ	高气压	N1
こうきしん	好奇心	N2
こうきゅう	高级的	N2
こうきょう	公共	N3
こうぎ	讲课；讲座；课程	N3
こうぎょう	工业	N3
こうくう	航空	N2
こうくうがいしゃ	航空公司	N3
こうくうき	飞机	N2
こうくうけん	机票	N1
こうくうびん	航空邮件	N4
こうぐ	工具	N1
こうけい	情景，场面	N2
こうけいしゃ	继承人；接班人	N1
こうけん	贡献	N2
こうげき	攻击；抨击	N2
こうげん	光源	N2
こうこう	高校	N5
こうこうせい	高中生	N5
こうこがく	考古学	N1
こうこく	广告	N3
こうご	互相，交替	N1
こうごうせい	光合作用	N2
こうさい	交往，应酬	N1
こうさく	制作；手工	N2
こうさつ	考察，研究	N2
こうさてん	十字路口	N5
こうさん	投降；认输	N1
こうざ	讲座；课程	N2
こうざい	功罪	N1
こうざん	矿山	N1
こうし	讲师	N2
こうしき	公式；正式的	N2
こうして	这样（强调）；于是	N3
こうしゃ	后者	N2
こうしゅう	公众，群众	N2
こうしょう	谈判，交涉	N2
こうしん	更新，革新	N2
こうじ	施工，工程	N4
こうじつ	借口，理由	N1
こうじょう	工厂	N4
こうじる	采取；讲授	N1
こうすい	香水	N2
こうず	构图；结构	N2
こうせい	公正的	N2
こうせき	功绩，功业	N1
こうそ	酵素，酶	N3
こうそう	高空；高层	N2
こうそく	高速的；快速的；高速公路；快车	N3
こうそくどうろ	高速公路	N3
こうぞう	构造，结构	N2
こうたい	交替，替换	N2
こうだい	广大的	N1
こうちく	构筑，构建	N1
こうちゃ	红茶	N5
こうちゅう	甲虫	N1
こうちょう	校长	N2
こうつう	交通	N3
こうつうきかん	交通工具；交通机构	N3
こうつうじこ	交通事故	N3
こうつうひ	交通费	N3
こうつうりょう	交通量	N4
こうてい	校园，操场	N3
こうてき	公共的；官方的	N1
こうとう	高等的	N2
こうど	高度的；高水平	N2
こうどう	行动，活动	N4
こうどく	讲解	N1
こうない	校内	N1
こうにゅう	购买；采购	N2
こうねつひ	水电燃气费	N2
こうのう	效能，功效	N1
こうはい	后辈	N3
こうはつ	后来出发；后发	N1
こうはん	后半段	N3
こうはんい	范围广的	N1
こうばい	购买	N1
こうばん	派出所	N5
こうひょう	公布，宣布	N2
こうふ	交付；发放	N1
こうふく	幸福的	N2
こうふん	兴奋，激动	N2
こうぶつ	喜爱之物	N3
こうへい	公平的	N2
こうべ	神户	N5
こうほ	候选；候选人	N2
こうほう	后方	N3
こうほしゃ	候选人	N1
こうぼう	工作室	N1
こうまん	傲慢的	N1
こうみょう	巧妙的	N1
こうむいん	公务员	N3
こうめい	著名的；有声望的；您的名字	N1
こうもく	项目；条目	N2
こうよう	功效；效用	N2
こうようじゅ	阔叶树	N2
こうらく	游玩，出游	N1
こうらくち	游览地；休闲地	N2
こうり	零售	N2
こうりつ	效率	N2
こうりゃく	攻克；攻略	N2
こうりゅう	交流	N3
こうりょ	考虑	N2
こうりょく	效力，效果	N2
こうれい	高龄	N2
こうれいか	老龄化	N2
こえ	声音	N4
こえる	（人数、限度）超过界限；超出	N3
こおり	冰	N3
こおる	结冰	N3
こかげ	树阴，树下	N1
こかつ	枯竭	N1
こがた	小型的	N3
こがねいろ	金黄色	N1
こがら	身材小的	N2
こきゃく	顾客	N2
こきゅう	胡琴	N1
こきょう	故乡	N3
こくえん	石墨	N2
こくご	国语；日语课	N3
こくさい	国際，国际	N3
こくさいぼうえき	国际贸易	N3
こくさん	国产	N2
こくせき	国籍	N1
こくない	国内	N3
こくはく	告白；坦白	N1
こくばん	黑板	N4
こくひょう	严厉批评	N1
こくふく	克服	N2
こくみん	国民	N2
こくめい	详细的	N1
こくりつ	国立	N3
こくりつこうえん	国家公园	N1
こけい	固形，固体	N1
こけん	声誉；名声	N1
こげくさい	有焦味的	N1
こげる	烧焦	N3
ここ	这里	N5
ここう	孤高的	N1
ここち	心情，心境	N2
ここちよい	舒适的；惬意的	N1
ここのか	九号；九天	N5
ここのつ	九个；九岁	N5
こころ	心；内心	N4
こころあたり	线索，头绪（自己想到线索）	N2
こころいき	志气；气概	N1
こころえ	心得；须知	N1
こころえる	领会（理解）；懂得	N1
こころがける	留心；注意	N1
こころがまえ	心理准备；心态	N1
こころざし	志向；志愿	N1
こころざす	立志；以…为目标	N1
こころづかい	关心，惦念	N1
こころづよい	有底气的；可靠的	N2
こころない	无情的；轻率的	N1
こころぼそい	心里没底的	N1
こころみ	尝试	N2
こころみる	尝试	N1
こころもとない	心里没底的（对能力）	N1
こころよい	舒适的；爽快的	N2
ここん	古今；古往今来	N1
こごえ	小声，低声	N3
こし	腰	N4
こしかける	坐下（强调）	N2
こしかた	过去；走过的路	N1
こしつ	坚持，固执	N1
こしょ	古书；旧书	N1
こしょう	故障	N3
こじ	夸示；炫耀	N1
こじれる	复杂化；闹僵	N1
こじん	个人	N3
こじんさ	个体差异	N3
こじんじょうほう	个人信息	N2
こじんてき	个人的	N2
こす	越过（山、关口）；翻过；超过	N3
こする	摩擦；搓	N2
こせい	个性	N2
こぜに	零钱	N3
こそこそ	偷偷摸摸	N2
こそだて	抚养孩子	N2
こたい	个体	N2
こたえ	答案；回答；答复	N5
こたえる	回答	N5
こたつ	被炉，暖炉	N1
こだい	古代	N1
こだわり	讲究；拘泥	N2
こだわる	拘泥；讲究	N2
こちょう	夸张，夸大	N1
こちら	这边；这位	N5
こちらこそ	我才是；彼此彼此	N2
こっか	国家	N2
こっかい	国会	N2
こっけい	滑稽的	N1
こっせつ	骨折	N3
こっそり	偷偷地	N1
こっち	这边（口语）；这个；我、我们	N5
こっとう	古董	N1
こつこつ	踏实地；一点点	N2
こづかい	零花钱	N3
こてい	固定	N2
こてん	古典	N2
こと	事情	N4
ことがら	事情；事项	N2
ことごとく	所有，全部	N1
ことさら	特别；故意	N1
ことし	今年	N5
ことたりる	够用	N1
ことなる	不同（正式）	N2
ことば	词；语言	N5
ことばあそび	语言游戏	N3
ことばづかい	用语，措辞（说话措辞）	N2
ことり	小鸟	N3
ことわざ	谚语	N2
ことわる	拒绝；谢绝	N4
こどう	鼓动；心跳	N1
こどく	孤独的	N2
こども	小孩；孩子	N5
こどものひ	儿童节	N4
こな	粉，粉末	N3
こなぐすり	粉末药	N2
こなす	熟练处理；完成	N2
この	这个	N5
このあいだ	前些天；最近	N3
このうえない	无上的；极其	N1
このごろ	最近；这时候	N2
このたび	这回，这次	N2
このは	树叶	N3
このへん	这附近	N3
このまえ	前些日子	N3
このましい	令人满意的	N2
このまま	就这样	N4
このみ	果实（特指）；坚果	N3
このむ	喜欢；偏爱	N2
このよ	这个世界	N2
こばむ	拒绝；阻挡	N1
こふう	古式的	N2
こべつ	个别	N2
こぼす	洒出（水、汤）；抱怨	N3
こぼれる	（水、眼泪）洒出；洋溢	N3
こまかい	细小的；详细的；琐碎的；细致的	N4
こまぎれ	碎片，碎块	N1
こまめ	勤快的；细心的	N1
こまやか	细致的；周到的	N1
こまる	感到为难	N5
こみ	包含；加入	N3
こみあう	拥堵；人或交通挤在一起	N2
こみいる	复杂起来	N2
こむ	（道路、人群）拥挤；里面很满或深入	N4
こむぎ	小麦	N3
こむぎこ	面粉	N3
こめ	稻米，大米	N4
こめる	装入；（感情、热情等）集中；包括在内	N2
こもの	小物件；杂货	N2
こもん	顾问	N1
こや	小屋	N2
こゆう	固有的	N1
こゆび	小拇指	N3
こよう	雇用，雇佣	N1
こよみ	日历，历书	N2
こらす	集中（注意力、心思）	N1
こりかたまる	凝固（强调）；思想僵化	N1
こりつ	孤立	N1
こりる	吃教训；不敢再犯	N1
こる	（料理、设计）讲究；（肌肉）酸痛；热衷	N2
これ	这个	N5
これから	今后；接下来	N5
これまで	到目前为止	N4
これみよがし	故意炫耀的	N1
これら	这些	N3
ころがる	滚动；躺倒	N1
ころす	杀；忍住	N1
ころぶ	摔倒	N3
ころも	衣服；外层	N1
こわい	可怕的	N4
こわいろ	声调；语气	N2
こわがる	害怕	N2
こわす	弄坏；伤害；破坏	N3
こわだか	声高的	N2
こわれる	（机器、钟）坏掉；无法使用	N4
こん	今（构词）	N5
こんかい	这次，这回	N4
こんき	毅力，耐性	N2
こんきょ	根据	N2
こんげつ	这个月	N5
こんげん	根源	N1
こんご	今后，将来	N4
こんごう	混合	N1
こんざい	混在一起	N1
こんざつ	拥挤，杂乱	N3
こんしゅう	这周	N5
こんじょう	毅力；性格	N2
こんぜつ	根绝，消灭	N1
こんちゅう	昆虫	N1
こんてい	根本，基础	N1
こんとん	混沌；混乱；杂乱；不确定	N1
こんど	这次；下次	N4
こんどう	混淆，混同	N1
こんな	这样的；这种的	N5
こんなに	这么；如此	N3
こんなん	困难的；困难；困境	N2
こんにちは	你好，您好	N5
こんにゅう	混入，掺进	N1
こんねんど	本年度	N2
こんばん	今晚，今夜	N5
こんばんは	晚上好	N5
こんぽう	包装；打包	N2
こんぽん	根本，根源	N2
こんぽんてき	根本的	N2
こんや	今晚	N4
こんらん	混乱	N2
こんわく	困惑	N1
ご	……之后	N5
ごい	词汇	N1
ごうい	合意；共识	N1
ごういん	强硬的；强行的	N2
ごうか	豪华的	N2
ごうかい	豪爽的	N1
ごうかく	合格；通过	N3
ごうけい	总计	N3
ごうけつ	豪杰，好汉	N1
ごうせい	合成	N1
ごうどう	联合，合并	N2
ごうまん	傲慢的	N1
ごうりか	合理化	N1
ごうりてき	合理的	N1
ごうりゅう	汇合；合流	N1
ごかい	误解，误会	N2
ごかく	势均力敌的	N1
ごかん	五感	N1
ごがく	语言学习；语言学	N3
ごがくりょく	语言能力	N2
ごがつ	五月	N5
ごく	极其；非常	N2
ごくい	秘诀；精髓	N1
ごくごく	咕咚咕咚	N2
ごこう	佛光；光环	N2
ごご	下午，午后	N5
ごさ	误差；差错	N1
ごさどう	误动作；故障	N1
ごさん	误算；失算	N1
ごしゅじん	您丈夫	N4
ごしょく	排印错误	N1
ごじつ	日后；事后	N3
ごぜん	上午	N5
ごぜんちゅう	上午	N4
ごぞんじ	知道（尊敬）	N3
ごちそう	美食；请客	N3
ごちゃごちゃ	杂乱的	N2
ごつごつ	凹凸不平地	N1
ごつん	砰地一声	N1
ごて	失去主动；后手；后走；后手棋	N1
ごどく	误读，错读	N2
ごはん	米饭；吃饭	N5
ごびゅう	错误，谬误	N1
ごぶさた	久未问候	N3
ごまかす	蒙混；掩饰	N1
ごみ	垃圾	N4
ごみばこ	垃圾箱	N4
ごめん	对不起；免了	N5
ごめんなさい	对不起	N5
ごよう	误用，错用	N2
ごらく	娱乐	N2
ごらん	请看；看	N3
ごらんになる	看（尊敬语）；观看；尝试做	N3
ごろごろ	轰隆声；滚动；到处都是；大量存在；无所事事	N2
さ	差异；差额	N4
さあ	来吧；那么	N4
さい	再；又	N3
さいあく	最糟的	N2
さいかい	再会	N2
さいかく	才干；筹措办法	N1
さいがい	灾害，天灾	N2
さいきょう	最强	N2
さいきん	最近	N4
さいく	加工；手艺；工艺；诡计；手段；暗中摆弄	N1
さいけんとう	重新审视	N2
さいげつ	岁月，年月	N1
さいげん	再现，模拟	N1
さいこ	最古老	N1
さいこう	最高的	N4
さいこうちょう	最高潮	N1
さいこうほう	最高峰；顶尖	N1
さいご	最后	N5
さいさん	再三	N2
さいしゅ	采集；采取	N1
さいしゅう	最终；最后	N3
さいしょ	最初	N4
さいしょうげん	最低限度	N2
さいしん	最新	N3
さいじょう	最上面；最高	N3
さいせい	再生；播放；复苏；复兴；再利用；回收	N3
さいせん	再次当选	N1
さいせんたん	最尖端	N1
さいぜん	最好；全力	N2
さいそく	催促；催收	N2
さいた	最多	N3
さいたく	采纳，通过	N1
さいたる	最典型的；最～的	N1
さいたん	最短	N1
さいだい	最大	N4
さいだいげん	最大限度	N2
さいちゅう	正在……之中	N3
さいてい	最低的；最差的	N3
さいていげん	最低限度	N2
さいてき	最合适的	N2
さいど	再次；重又	N2
さいどく	再读，重读	N1
さいなむ	折磨；责备	N1
さいなん	灾难	N1
さいのう	才能	N2
さいはつ	复发；再发生	N2
さいばい	栽培	N2
さいばん	审理，审判	N1
さいふ	钱包	N5
さいぶ	细微的部分	N2
さいぶん	细分	N1
さいへん	重组；再编	N1
さいぼう	细胞	N1
さいむ	债务	N1
さいよう	采用；录用	N2
さいりょう	最好的；理想的	N1
さいわい	幸运（也作幸好）；幸亏	N2
さえ	连……都；只要；仅仅；除此之外；而且	N2
さえぎる	遮挡；打断	N1
さえずる	啁啾；喋喋不休	N1
さえる	清澈明亮；鲜明清脆；头脑清醒；机敏；精神振作；开朗	N1
さか	坡，斜坡	N3
さかいめ	界线；分界处	N2
さかえる	繁荣	N1
さかて	反握；交叉握；反手握	N1
さかな	鱼，鱼类	N5
さかなや	鱼店；鱼贩	N1
さかのぼる	追溯；逆流而上	N2
さかみち	坡道，斜坡	N3
さからう	违抗	N2
さかん	兴盛的；旺盛的	N3
さがく	差额	N1
さがしだす	找出	N2
さがしまわる	四处寻找	N1
さがす	寻找（目标）	N4
さがり	下降；下跌	N2
さがる	（价格、温度）下降；后退；退步	N4
さき	前面；之前；目的地；去处	N5
さきざき	将来；前途	N2
さきだつ	先于；带头、领先；死在前、钱	N2
さきどり	抢先；预先取得	N1
さきに	先；提前；事先	N4
さきのばし	拖延，搁置	N1
さきばしる	抢先	N1
さきほこる	盛开	N1
さきほど	刚才（正式）	N2
さきみだれる	繁花盛开	N1
さきんじる	抢先（正式）	N1
さぎょう	工作，作业	N2
さく	开花	N3
さくい	用意；创作意图	N2
さくげん	削减，减少	N1
さくご	错误；偏差	N2
さくし	作词	N1
さくしゃ	作者	N2
さくじつ	昨日	N3
さくじょ	删除	N2
さくず	制图	N1
さくせい	制作；创建	N2
さくせん	作战；策略	N1
さくねん	去年	N2
さくひん	作品	N2
さくふう	作品的风格	N2
さくぶん	作文	N5
さくもつ	作物	N3
さくら	樱花	N4
さぐる	探查；摸索	N2
さけ	酒；酒类；饮酒	N4
さけび	叫喊；呼声	N1
さけびごえ	叫声（人的喊叫）；呼喊声	N1
さけぶ	喊叫；大喊；尖叫；呼吁；主张；坚持；抗议；申诉	N1
さける	避开	N2
さげる	降低（价格、温度）；降下；撤下	N3
ささい	琐碎的；细小的	N1
ささえる	支撑；维持	N2
ささげる	奉献；献上	N1
ささやか	微薄的；小小的	N2
ささやく	低声说；耳语	N2
ささる	（针、刺）刺入；扎进；带来冲击和感动	N1
さしあげる	献给（谦让语）	N3
さしあたり	目前；眼下	N1
さしいれ	送入；慰问品	N2
さしえ	插图	N1
さしかえる	替换（把文件）	N1
さしこむ	插入；照进	N1
さししめす	指示	N1
さしず	指示，吩咐	N2
さしせまる	迫近	N2
さしだしにん	寄件人	N2
さしだす	递出；寄出，派出；提交	N1
さしつかえる	妨碍；有影响	N2
さしのべる	伸出（援手）；帮助	N2
さしひく	扣除；减去；打折；考虑到；涨落	N2
さしみ	生鱼片	N3
さじ	勺子	N1
さじん	沙尘	N1
さす	撑（伞）；照射	N4
さすが	不愧是；果然	N2
さずける	授予；传授	N1
させつ	左转	N3
さそい	邀请；介绍；诱惑	N3
さそう	邀请；引起	N4
さぞかし	想必；一定	N1
さだか	确切的；明确的	N1
さだまる	（日期、方针）确定；安定	N2
さだめる	决定（规则、日期）；平息	N2
さっか	作家	N3
さっかく	错觉；误认	N2
さっき	刚才，方才	N3
さっきゅう	紧急的	N2
さっきょく	作曲，谱曲	N2
さっきん	杀菌	N1
さっこん	近来，最近	N2
さっさと	赶快；麻利地	N2
さっし	体察；推测	N3
さっすう	册数	N2
さっする	推测；体察	N3
さっそく	马上，迅速	N3
さっち	察觉	N2
さっと	迅速地（迅速）；轻快地	N2
さっとう	蜂拥而至	N1
さっぱり	爽快；彻底	N2
さつ	纸币，钞票	N3
さつえい	摄影，拍摄	N2
さて	那么；接着	N2
さてい	评估，评定	N1
さと	村庄；乡下；故乡	N1
さとう	砂糖	N5
さとがえり	回娘家；返乡	N1
さとす	劝导；告诫	N1
さとやま	里山；村边山林	N1
さとる	察觉；感知；领会；理解；悟道	N1
さどう	运作；动作	N1
さばき	裁判；处理	N1
さばく	裁判；处理	N1
さび	锈	N2
さびしい	寂寞（较正式）；荒凉、冷清	N4
さびる	生锈	N2
さびれる	冷落；衰败	N1
さべつ	区分；歧视	N1
さほう	礼法；规矩	N2
さほど	并不那么	N1
さまざま	各种各样	N3
さます	晾凉；使热物降温	N3
さまたげる	妨碍	N2
さみしい	寂寞的；冷清的	N2
さむい	冷的（天气）	N5
さむらい	武士	N1
さめる	变凉；热度自然下降	N3
さもしい	卑鄙的；寒碜的	N1
さゆう	左右；控制	N3
さよう	作用	N2
さようなら	再见，告别	N5
さら	盘子，碟子	N5
さらいげつ	下下个月	N2
さらいしゅう	下下周	N5
さらいねん	后年	N2
さらけだす	暴露；坦露	N1
さらさら	沙沙地；光滑地	N3
さらす	暴露；晾晒	N1
さらに	进一步；更加	N2
さりげない	若无其事的；自然的	N1
さる	猴子，猿猴	N3
さわがしい	吵闹的（嘈杂）；骚动	N2
さわぐ	吵闹；喧哗	N3
さわさわ	沙沙作响地	N1
さわやか	清爽的；爽朗的	N2
さわら	马鲛鱼	N2
さわり	触感，感觉	N1
さわる	触碰（触摸）	N4
さん	三	N5
さんか	参加	N4
さんかく	三角形；三角形状	N1
さんかん	参观，观摩	N2
さんがく	山岳	N1
さんがつ	三月	N5
さんきゃく	三脚架	N1
さんぎょう	产业，工业	N3
さんこう	参考，参照	N3
さんご	珊瑚	N1
さんさく	散步；漫步	N1
さんざい	分散存在；散落	N1
さんざん	惨重的；狠狠地	N1
さんすう	算术；计算	N3
さんせい	赞成，同意	N3
さんせき	堆积如山	N1
さんそ	氧气	N2
さんそん	山村	N3
さんち	产地	N2
さんちょう	山顶	N2
さんどう	赞同	N1
さんび	赞美	N1
さんぴ	赞成与否	N2
さんぶつ	物产；产物	N2
さんぷく	山腰	N1
さんぽ	散步	N5
さんみ	酸味	N1
さんらん	产卵	N1
さんりん	山林	N1
ざあざあ	哗啦哗啦	N3
ざい	财富；财产	N1
ざいがく	在学，在校	N2
ざいこ	库存；存货	N1
ざいさん	财产	N2
ざいしつ	材质	N2
ざいしょく	在职	N1
ざいじゅう	居住	N1
ざいせい	财政	N1
ざいせき	在籍；注册在内	N1
ざいたく	在家	N2
ざいりょう	材料	N3
ざせき	座位	N2
ざせつ	挫折；受挫	N1
ざぜん	坐禅	N1
ざだんかい	座谈会	N1
ざっか	杂货	N1
ざっくり	粗略地；大致；粗糙地；松散地；一刀切下；用力掰开；深深切开；裂开很大	N1
ざっし	杂志	N5
ざっしょく	杂食的	N1
ざっそう	杂草	N2
ざっと	粗略地；大致	N2
ざっとう	人群；拥挤街道	N1
ざつ	粗杂的；马虎的	N1
ざつだん	闲谈，闲聊	N2
ざつよう	杂事，琐事	N1
ざひょう	坐标	N2
ざらざら	粗糙的；沙沙作响	N1
ざわざわ	喧闹；嘈杂	N2
ざわめき	嘈杂声	N1
ざんぎゃく	残虐的	N1
ざんぎょう	加班	N3
ざんしん	新颖的	N1
ざんだか	余额	N2
ざんてい	暂定	N1
ざんねん	遗憾的	N4
ざんりゅう	残留	N1
し	市	N4
しあい	比赛	N4
しあがり	完成度；成品状态	N1
しあげる	完成；收尾	N2
しあわせ	幸福的	N4
しいく	饲养	N2
しいたけ	香菇	N1
しいて	强迫，硬要	N1
しいる	强迫	N1
しいれ	采购，买进	N2
しいれる	采购；获得知识	N1
しえん	支援	N2
しお	食盐	N5
しおからい	咸的	N3
しかい	主持	N3
しかえし	报复；重做	N1
しかく	四方的；方形的	N3
しかくい	方的；四角的	N3
しかけ	机关（设计好的）；手段；做到一半	N1
しかし	可是，不过	N5
しかしながら	但是，然而	N2
しかた	做法；方法；办法；没办法	N4
しかたない	没办法	N3
しかも	而且（超出预期、加强）；不仅如此	N2
しかる	训斥	N3
しがい	市区	N3
しがいせん	紫外线	N1
しがつ	四月	N5
しがみつく	紧紧抱住；依附	N1
しがん	志愿；报名	N1
しき	仪式；式样	N4
しきさい	色彩；特色	N1
しきじょう	会场；仪式场地	N1
しきそ	色素	N1
しきたり	习俗；规矩	N2
しきち	用地，地皮	N1
しきてん	典礼，仪式	N1
しきゅう	支付	N3
しきり	隔断；分隔；结算；热身仪式	N1
しきりに	频繁地；反复地；热切地；强烈地；非常地；厉害地	N1
しきる	分隔；划分；主持；管理；负责安排；结算账目	N1
しきん	资金	N1
しぎかい	市议会	N1
しく	铺设	N2
しくじる	失败；搞砸	N1
しくみ	机制；构造	N2
しぐさ	动作；举止	N2
しけん	考试；测验	N5
しげき	刺激	N2
しげん	资源	N3
しこう	思考，考虑	N2
しこうさくご	反复摸索	N2
しこむ	预先准备；灌输	N1
しご	私下说话	N2
しごと	工作，职业	N5
しごとがら	因工作性质	N1
しさ	暗示，启示	N1
しさい	详情；细节	N1
しさく	试制	N2
しさつ	视察	N2
しさん	资产	N1
しざい	资材，材料	N1
ししつ	资质；素质	N1
ししまい	狮子舞	N3
ししゃ	分公司	N2
ししゃちょう	分公司负责人；分社经理	N4
ししゅ	死守	N2
ししゅつ	支出，开支	N3
ししゅんき	青春期	N1
ししょ	图书管理员	N2
ししょう	障碍	N1
ししょく	试吃	N3
ししん	指南；方针	N1
しじ	指示，命令	N3
しじつ	史实	N1
しじょう	市场（经济）	N3
しすう	指数；指标	N1
しずか	安静的	N5
しずけさ	寂静；安静	N1
しずむ	下沉；消沉	N3
しずめる	平息；镇定	N2
しせい	姿势；态度；立场	N3
しせいかつ	私生活	N1
しせつ	设施；机构；场所；福利院	N3
しせん	视线	N2
しせんりょうり	四川料理	N3
しぜん	自然；自然的；自然而然地	N4
しぜんかい	自然界	N2
しぜんかがく	自然科学	N1
しぜんげんしょう	自然现象	N1
しそう	思想，想法	N2
しそん	子孙，后代	N1
した	下面；下方	N5
したう	仰慕；思念	N1
したうけ	承包，转包	N1
したがう	遵从；跟随	N3
したがき	草稿	N2
したがって	因此，因而	N3
したぎ	内衣	N1
したしい	亲近的	N3
したしみ	亲近感；熟悉	N2
したしむ	亲近；熟悉	N2
したじ	基础；底子	N1
したたか	强硬的；顽强的；难对付的；狠狠地；大量地	N3
したまち	老城区；下町	N1
したまわる	低于	N2
しだい	取决于；一……就……；按照；无论……	N3
しだいに	逐渐	N3
しち	抵押品；质	N1
しちがつ	七月	N5
しちゃく	试穿	N2
しちょう	市长	N3
しっかく	失去资格	N1
しっかり	牢牢地；好好地；仔细地；可靠地	N4
しっきゃく	失足，下台	N1
しっけ	湿气，潮气	N3
しっそ	简朴的	N2
しっそう	疾驶，快跑	N1
しったかぶり	不懂装懂	N1
しっち	湿地	N1
しっと	嫉妒，羡慕	N1
しっとり	湿润地；沉静地	N2
しっぱい	失败	N4
しっぴつ	执笔；写作	N1
しっぽ	尾巴；末端	N1
しつ	质量；素质	N2
しつい	失意；沮丧	N1
しつおん	室温	N1
しつかん	质感	N1
しつぎ	质疑，质问	N1
しつぎょう	失业	N1
しつけ	管教；礼仪训练	N2
しつこい	纠缠的；顽固的	N3
しつてき	质的；性质上的	N2
しつど	湿度	N2
しつない	室内	N3
しつぼう	失望	N2
しつもん	问题，提问	N5
しつりょう	质量；质与量	N1
しつれい	失礼；冒昧；失陪；告辞	N4
しつれん	失恋	N1
してい	指定	N3
していせき	指定席位	N2
してき	指出，指正	N2
してん	分店	N3
しとやか	端庄的	N1
しどう	指导	N3
しな	物品；货品	N3
しない	市内	N3
しなかず	品种数；菜数	N1
しなぞろえ	商品种类；货品齐全	N1
しなもの	商品	N4
しなやか	柔韧的；有弹性的；优雅的；柔美的；文雅的	N1
しにせ	老字号	N1
しぬ	死去	N4
しのぐ	熬过；胜过	N1
しのびない	不忍心的	N1
しのぶ	忍耐；悄悄做	N1
しはい	支配；统治	N2
しはいにん	经理	N2
しはつ	首班车	N3
しはらい	支付，付款	N3
しはらう	支付	N3
しはん	市售；商业销售	N2
しば	草坪；草	N3
しばい	戏剧；演技	N1
しばし	片刻，暂时	N2
しばしば	屡次，经常	N2
しばふ	草坪	N3
しばらく	暂时；一会儿	N3
しばりつける	捆绑（主动）；捆绑到某物上；束缚	N1
しばる	捆（绳子、行李）；束缚	N3
しひょう	指标；指针	N1
しびれる	麻木；发麻；触电发麻；兴奋陶醉	N2
しぶい	涩的；苦涩的；朴素雅致的；低调精致的；阴沉的；闷闷不乐的	N2
しぶしぶ	不情愿地（虽不情愿但）	N1
しぶつ	私人物品	N1
しぶとい	顽强的；难缠的	N1
しぶみ	涩味；成熟感	N1
しぶる	不情愿；踌躇	N1
しほう	四方；各处	N1
しほん	资本	N1
しほんきん	资本金	N1
しほんしゅぎ	资本主义	N1
しぼう	志愿，心愿	N2
しぼりこむ	筛选；缩小范围	N2
しぼる	挤；榨	N3
しま	岛，岛屿	N4
しまい	结束	N4
しまいとし	姐妹城市	N1
しまう	收起；做完	N4
しまじま	群岛；各岛	N1
しまつ	处理；收拾；善后；事情经过；结果	N1
しまる	关着	N4
しみ	污渍；斑点	N3
しみこむ	深入（充分进入内部）；渗透到内部	N2
しみず	清水（姓氏）	N5
しみつく	沾染；沾上	N2
しみる	渗入；味道或刺激进入	N2
しみん	市民	N4
しめい	姓名	N3
しめきり	截止日期	N3
しめきる	截止；封闭	N2
しめくくる	总结；结束	N2
しめす	表示；出示	N3
しめつ	灭亡；消亡	N1
しめつける	勒紧；严加管教	N1
しめる	关上（门、窗）	N4
しめん	版面空间；纸面；书信；文字；文件	N2
しも	霜	N1
しゃいん	公司职员	N5
しゃかい	社会	N3
しゃかいかがく	社会科学	N1
しゃかいじん	社会人；职场人	N2
しゃかいせいかつ	社会生活	N2
しゃかいほしょう	社会保障	N1
しゃくど	尺度；标准	N1
しゃくめい	说明；解释	N1
しゃこ	车库	N3
しゃこう	社交，交际	N1
しゃこうダンス	交际舞	N3
しゃざい	谢罪，道歉	N1
しゃしょう	抽象化；舍弃具体细节	N1
しゃしん	照片	N5
しゃしんか	摄影师	N2
しゃしんしゅう	摄影集	N4
しゃしんてん	摄影展	N4
しゃせい	写生	N2
しゃそう	车窗	N1
しゃたい	车身	N1
しゃだん	切断，阻隔	N1
しゃちゅう	车内	N1
しゃちょう	社长	N4
しゃっきん	借钱，欠债	N3
しゃっくり	打嗝	N3
しゃどう	车道	N3
しゃない	车内	N3
しゃべる	聊天	N4
しゃめん	斜面	N1
しゃりょう	车辆	N2
しゃれ	俏皮话；玩笑	N2
しゃれい	谢礼；酬金	N1
しや	视野；眼界	N2
しやくしょ	市政府	N3
しゅ	手（构词）	N5
しゅいん	主要原因	N1
しゅう	周，礼拜	N5
しゅうい	周围；环境	N2
しゅうえき	收益	N1
しゅうかい	集会	N2
しゅうかく	收获；成果；收益；捕获物	N2
しゅうかん	周，星期	N5
しゅうかんし	周刊杂志	N3
しゅうがく	就学	N1
しゅうがくりょこう	修学旅行	N3
しゅうきゃく	招徕顾客	N2
しゅうきょう	宗教	N1
しゅうぎょう	就业；工作	N1
しゅうごう	集合	N3
しゅうし	收支	N1
しゅうしふ	句号；终止	N1
しゅうしゅう	收集；收藏	N2
しゅうしょく	就业；就职	N3
しゅうしょくご	修饰语	N1
しゅうしん	就寝，睡觉	N2
しゅうじ	习字，练字	N2
しゅうじゅく	熟习，熟练	N1
しゅうせい	修正；改正	N2
しゅうせん	臭腺	N1
しゅうそく	收束；平息	N1
しゅうたいせい	集大成；总结成果	N1
しゅうだん	集体，集团	N2
しゅうちゃく	执著，贪恋	N1
しゅうちゅう	集中	N3
しゅうちゅうごうう	集中性暴雨	N1
しゅうちゅうりょく	专注力	N2
しゅうてん	终点	N3
しゅうでん	末班电车	N3
しゅうとう	周到的	N1
しゅうとく	学会；掌握	N2
しゅうにゅう	收入	N3
しゅうにん	就任	N1
しゅうねん	周年	N2
しゅうのう	收纳	N2
しゅうばん	后半段；末尾	N1
しゅうふく	修复	N1
しゅうへん	周边，四周	N2
しゅうまつ	周末	N4
しゅうやく	汇总；集中	N1
しゅうよう	容纳，收容	N1
しゅうらく	聚落；村庄	N1
しゅうり	修理，修缮	N3
しゅうりょう	结束	N3
しゅうれん	练习；训练	N1
しゅうろう	就业	N1
しゅえん	主演，主角	N1
しゅかん	主观	N2
しゅかんてき	主观的	N2
しゅぎ	主义，原则	N2
しゅぎょう	修行；技艺或精神修炼	N1
しゅくしょう	缩小，缩减	N3
しゅくじつ	法定节假日；公众假日	N1
しゅくだい	作业	N5
しゅくはく	住宿	N2
しゅくめい	宿命，命运	N1
しゅこう	构思；意趣	N1
しゅさい	主办，举办	N1
しゅざい	取材，采访	N2
しゅし	宗旨；主旨	N1
しゅしゃせんたく	取舍选择	N1
しゅしょう	首相	N3
しゅしょく	主食	N2
しゅじく	主轴；核心	N1
しゅじゅつ	手术	N3
しゅじん	丈夫；主人	N3
しゅじんこう	主人公	N2
しゅせき	笔迹	N1
しゅたいせい	主体性；自主性	N1
しゅたいてき	主动的；自主的	N2
しゅだい	主题；主旨	N1
しゅだん	手段	N3
しゅちょう	主张，论点	N3
しゅっか	出货；装运	N1
しゅっきん	出勤，上班	N3
しゅっこく	出国，出境	N3
しゅっさん	生孩子	N1
しゅっしゃ	上班	N2
しゅっしょう	出生，诞生	N2
しゅっしん	出身	N3
しゅっせ	出人头地；晋升	N2
しゅっせき	出席	N3
しゅっちょう	出差	N3
しゅってん	开店	N2
しゅっぱつ	出发	N4
しゅっぱつじこく	出发时间	N3
しゅっぱん	出版	N2
しゅっぴ	花费，开销	N1
しゅっぴん	出品；参展	N1
しゅつえん	演出	N2
しゅつがん	申请；报名	N2
しゅつげん	出现	N2
しゅつじ	出身	N1
しゅつじょう	出场，参加	N2
しゅつだい	出题	N1
しゅつど	出土	N1
しゅつば	出马；参选	N1
しゅつぼつ	出没，出现	N1
しゅと	首都	N3
しゅとく	取得；获得	N2
しゅどう	主导	N1
しゅにん	主任	N1
しゅのう	首脑	N1
しゅび	始终；经过；结果；顺利处理	N1
しゅびょう	种子和幼苗	N1
しゅふ	主妇	N3
しゅほう	手法，方法	N1
しゅみ	爱好	N5
しゅやく	主角	N2
しゅよう	主要的	N3
しゅりゅう	主流；主要方向	N2
しゅりょう	狩猎	N1
しゅりょく	主力	N2
しゅるい	种类	N4
しゅわん	手腕；能力	N1
しゅん	时令；最佳时节；流行；当红；新鲜	N2
しゅんかん	瞬间	N2
しゅんげん	严峻的（书面）	N1
しゅんじ	瞬间	N1
しゅんせつ	春节	N3
しょいこむ	背负（口语）；承担	N1
しょう	奖；奖项	N2
しょうか	消化；理解；吸收；消耗；完成（配额）	N2
しょうかい	介绍	N4
しょうかく	升级；晋升	N1
しょうがい	障碍；残障；功能障碍；缺陷	N2
しょうがくきん	奖学金	N3
しょうがくせい	小学生	N5
しょうがっこう	小学	N5
しょうがつ	新年，正月	N4
しょうきぼ	小规模的	N1
しょうきゃく	焚烧，烧掉	N1
しょうきょ	消去，消除	N1
しょうきょくてき	消极的	N3
しょうぎ	将棋	N2
しょうぎょう	商业	N3
しょうげき	冲击；震惊	N1
しょうげん	证词；作证	N1
しょうこ	证据	N2
しょうごう	对照，核查	N1
しょうさい	详细；详情	N2
しょうしか	少子化	N2
しょうしゃ	胜者	N3
しょうしょう	少许，稍微	N3
しょうしん	晋升，晋级	N1
しょうじ	商业事务	N2
しょうじき	正直的	N4
しょうじょ	少女	N4
しょうじょう	症状，病情	N2
しょうじる	产生；发生	N2
しょうすう	少数	N3
しょうせつ	小说	N4
しょうたい	招待，邀请	N3
しょうだく	应允，同意	N1
しょうだん	商务洽谈	N1
しょうち	知道；明白	N4
しょうちゅう	烧酒	N3
しょうちょう	象征	N2
しょうてん	商店	N3
しょうてんがい	商店街	N2
しょうとつ	撞上；冲突	N2
しょうどう	冲动	N1
しょうどうがい	冲动性消费	N1
しょうにか	小儿科	N2
しょうにん	批准；承认	N2
しょうにんずう	人数少	N2
しょうねん	少年	N4
しょうはい	胜负	N2
しょうばい	买卖，生意	N2
しょうひ	消费；花费	N3
しょうひしゃ	消费者	N3
しょうひぜい	消费税	N1
しょうひん	商品	N3
しょうぶ	胜负；比赛	N2
しょうべん	小便	N1
しょうみ	净额；实际工作时数；净重；净价；成本价	N1
しょうみきげん	最佳食用期	N1
しょうめい	证明；证据	N3
しょうめん	正面；正对面	N3
しょうもう	消耗	N2
しょうゆ	酱油	N5
しょうらい	将来	N4
しょうり	胜利，成功	N1
しょうりゃく	省略，从简	N2
しょうりょう	少量	N2
しょうれい	鼓励	N1
しょうわ	昭和风的；带有昭和怀旧色彩的；老派的；古朴的	N1
しょうわくせい	小行星	N1
しょうエネ	节省能源	N2
しょか	初夏	N2
しょき	初期	N2
しょきゅう	初级	N3
しょく	色（复合词用）；样子	N2
しょくいん	职员	N2
しょくぎょう	职业	N2
しょくご	饭后	N3
しょくざい	食材	N1
しょくしゅ	职业种类	N2
しょくじ	吃饭，进餐	N5
しょくせい	植被	N1
しょくせいかつ	饮食生活	N2
しょくたく	餐桌	N2
しょくだい	烛台，蜡台	N2
しょくどう	食堂	N5
しょくにん	工匠	N3
しょくはつ	触发；启发	N1
しょくば	职场；工作场所	N2
しょくひ	伙食费	N2
しょくひん	食品	N3
しょくぶつ	植物	N2
しょくもつ	食物	N2
しょくよう	食用	N1
しょくよく	食欲	N3
しょくりょう	食材；食物	N4
しょくりょうひん	食品	N4
しょくりん	植树造林	N2
しょこ	书库	N1
しょさい	书斋，书房	N1
しょざい	所在；下落	N1
しょしき	格式；书写形式	N1
しょしゅう	初秋，早秋	N2
しょしんしゃ	初学者	N2
しょじ	携带	N1
しょせき	书籍，图书	N2
しょぞう	收藏	N1
しょぞく	所属；隶属	N2
しょたい	字体	N1
しょたいめん	初次见面	N2
しょだな	书架，书橱	N1
しょち	处理；措施	N1
しょっかん	口感，食感	N1
しょっき	餐具	N3
しょっちゅう	经常，总是	N1
しょてい	指定，规定	N1
しょてん	书店	N2
しょとう	初，初期	N1
しょとく	所得，收入	N1
しょどう	书法	N2
しょにち	第一天	N1
しょひょう	书评	N1
しょぶん	处理；处分	N1
しょほ	初步；入门	N2
しょみん	平民；百姓	N1
しょめい	书名	N2
しょめん	书面；文件	N1
しょもつ	书籍，图书	N2
しょゆう	所有，拥有	N2
しょよう	所要，所需	N1
しょり	处理，办理	N2
しょるい	文件，资料	N3
しょんぼり	垂头丧气	N1
しよう	使用，用	N3
しようがない	毫无办法	N2
しらき	本色木料	N1
しらじら	渐渐发亮；苍白；装傻；说得明显	N1
しらず	不知；不受影响；不管	N2
しらずしらず	不知不觉	N2
しらせ	通知，告示	N4
しらせる	通知	N4
しらべもの	查找；调查	N3
しらべる	查；调查	N4
しり	屁股；末尾	N1
しりあい	熟人，熟识（认识的人）	N3
しりあう	结识	N3
しりごみ	后退；畏缩	N2
しりぞく	后退；退职	N1
しりつ	市立	N2
しりぬく	彻底了解	N1
しりょ	考虑，思虑	N1
しりょう	资料	N4
しりょく	视力	N2
しる	知道；了解	N5
しるし	记号；象征	N2
しるす	记下；记载	N2
しれん	锻炼，考验	N1
しろ	白，白色	N5
しろい	白的	N5
しろうと	外行；门外汉	N2
しろくろ	黑白；是非	N2
しわ	皱纹；褶皱	N2
しわけ	区分，分类	N1
しわざ	勾当，捣鬼	N1
しわす	腊月；十二月	N1
しん	心；中心；核心	N5
しんい	真意；本意	N1
しんえん	深远的	N1
しんか	进化；发展	N2
しんかん	新刊；新书	N2
しんかんせん	新干线	N4
しんがい	侵害，侵犯	N1
しんがく	升学	N3
しんがた	新型；新式	N3
しんき	新的；新设的	N1
しんきょ	新居	N3
しんきょう	心境，心态	N2
しんきん	亲近；亲密	N1
しんきんかん	亲切感	N1
しんぎ	真伪	N1
しんぐ	寝具，被褥	N1
しんけい	神经	N2
しんけいしつ	神经质的；敏感的	N1
しんけん	认真的；严肃的	N2
しんこう	进行；进展	N3
しんこく	严重的；深刻的	N2
しんごう	红绿灯；信号	N5
しんごうき	红绿灯	N2
しんさ	审查	N1
しんさく	新作品	N2
しんさつ	看病，检查	N3
しんし	绅士；男士	N1
しんしゃ	新车	N2
しんしゅく	伸缩	N1
しんしゅつ	进入；进军	N2
しんしん	身心	N2
しんじこむ	深信（强调）	N2
しんじつ	真相；现实；真实地；确实；绝对真理	N1
しんじょう	心情	N1
しんじる	相信；信仰	N4
しんじん	新人；新手	N2
しんすい	浸水	N1
しんずい	精髓；真谛	N2
しんせい	申请，声请	N3
しんせき	亲戚	N3
しんせつ	亲切的	N4
しんせん	新鲜的	N3
しんそう	真相	N2
しんそこ	内心深处；真心地	N1
しんぞう	心脏	N3
しんたい	身体，躯体	N2
しんだん	诊断	N3
しんちく	新建；新房	N2
しんちゃ	新茶	N1
しんちょう	身高	N3
しんてい	奉送，赠送	N1
しんてん	进展，发展	N1
しんと	寂静无声	N2
しんとう	渗透，渗入	N1
しんど	深度	N2
しんどう	振动，摆动	N2
しんなり	变软，蔫	N1
しんにゅう	新加入	N3
しんにゅうせい	新生	N3
しんねん	信念	N1
しんぱい	担心的	N4
しんぱん	审判；裁判	N2
しんぴん	新商品	N2
しんぶん	报纸	N5
しんぶんし	报纸	N3
しんぷく	振幅	N1
しんぼう	忍耐	N1
しんぽ	进步	N3
しんみつ	亲密的	N1
しんや	深夜	N2
しんゆう	亲密的朋友	N3
しんよう	相信；信誉	N4
しんようじゅ	针叶树	N2
しんらい	信任，信赖	N2
しんり	心理	N2
しんりょう	诊疗，治疗	N1
しんりょく	新绿，嫩绿	N1
しんりん	森林	N3
しんろ	进路；前途	N1
しんわ	神话	N2
じ	点；时	N5
じいしき	自我意识	N1
じいん	佛寺；宗教建筑；教堂；大教堂；清真寺	N1
じか	时价，市值	N1
じかい	下次，下回	N2
じかく	自知；觉悟	N2
じかせい	自己制作	N1
じかどうちゃく	自相矛盾	N1
じかん	时间，时刻	N5
じかんめ	第……节课	N2
じかんわり	课程表	N4
じが	自我；个性	N2
じがじさん	自卖自夸	N1
じき	时间，时期	N3
じきゅう	时薪	N3
じきゅうじそく	自给自足	N1
じぎょう	事业；业务	N2
じく	轴，中心	N1
じけん	事件，案件	N4
じげん	次元；层次	N1
じこ	事故	N3
じこう	项目，事项	N1
じこく	时刻；时间	N3
じこくひょう	时刻表	N3
じこけんお	自我厌恶	N1
じこしょうかい	自我介绍	N4
じさ	时差	N3
じさく	自制；自作	N2
じさん	带来，带去	N3
じざい	自如的	N1
じしゃ	自己的公司	N2
じしゅ	自主	N2
じしゅう	自习，自学	N2
じしゅきせい	自我限制	N1
じしゅく	自我克制	N1
じしゅせい	自主性	N2
じしゅてき	自主的	N1
じしょ	词典	N5
じしょう	事态，现象	N1
じしん	地震	N2
じじ	时事	N2
じじつ	事实；实际上	N2
じじょう	情况，缘故	N3
じせい	自制；自我约束	N1
じせつ	自己的说法	N1
じぜん	事先	N2
じそく	时速	N1
じそんしん	自尊心	N1
じぞく	持续，保持	N2
じたい	事态，局势	N2
じたく	自家；自己家	N3
じたばた	挣扎；手忙脚乱	N2
じだい	时代	N4
じだいおくれ	过时的	N1
じち	自治	N2
じちょう	自嘲	N2
じっか	老家；娘家	N3
じっかん	真实感；切身体会	N2
じっきょう	实况	N1
じっくり	仔细地；慢慢地	N2
じっけん	实验	N3
じっこう	实行	N3
じっさい	实际上	N3
じっさいてき	实际的	N3
じっし	施行，举行	N2
じっしつ	实质，本质	N2
じっしつてき	实质性的	N1
じっしゅう	实习	N3
じっしょう	实证；证明	N1
じっせいかつ	现实生活	N1
じっせき	实绩；成果	N2
じっせん	实践	N2
じっそう	实相；真实面貌	N1
じったい	实际状态；真相	N2
じっち	实地；现场	N2
じっと	一动不动	N2
じつぎ	实际技能	N1
じつげん	实现	N2
じつざい	实际存在	N1
じつじょう	实际情况	N1
じつぞう	实际形象；真相	N1
じつに	实在，的确	N3
じつは	其实	N4
じつぶつ	实物	N3
じつむ	实际业务	N2
じつよう	实用	N3
じつりょく	实力	N3
じつれい	实例	N1
じつわ	真实故事	N1
じてん	词典，辞典	N2
じてんしゃ	自行车	N5
じどう	自动	N4
じどうしゃ	汽车	N3
じにん	辞职，辞任	N1
じはつ	自发，自愿	N1
じばん	地基；基础	N1
じひつ	亲笔	N1
じふ	自负；自信	N2
じぶつ	事物	N2
じぶん	自己；我	N5
じぶんじしん	自己	N3
じまえ	自备；自己负担	N1
じまく	字幕	N1
じまん	自夸，骄傲	N3
じみ	朴素的；不起眼的	N3
じみち	踏实的	N1
じむ	事务，办公	N3
じむしょ	办公室	N4
じめじめ	潮湿；阴郁	N2
じめつ	自取灭亡	N1
じめん	地面；土地	N3
じもく	耳目；见闻；关注；注意力	N1
じもと	当地，本地	N2
じもんじとう	自问自答	N2
じゃ	那么	N5
じゃあ	那么	N5
じゃあく	邪恶的	N1
じゃく	弱；不足	N2
じゃくしゃ	弱者	N1
じゃくてん	弱点，缺点	N2
じゃくにくきょうしょく	弱肉强食	N1
じゃくねん	年轻（人）	N1
じゃっかん	若干；稍微	N1
じゃま	碍事的	N3
じゃり	碎石；沙砾	N1
じゅう	十（计数）	N5
じゅうあつ	沉重的压力	N1
じゅうい	兽医	N1
じゅういちがつ	十一月	N5
じゅうがつ	十月	N5
じゅうきょ	住所，住宅	N1
じゅうぎょういん	员工	N2
じゅうこう	厚重的；庄重的	N1
じゅうし	重视	N2
じゅうしょ	住所	N4
じゅうしん	重心，平衡	N1
じゅうじ	从事	N2
じゅうじつ	充实	N2
じゅうじゅん	顺从的	N1
じゅうそく	充足；补充	N1
じゅうぞく	从属，附属	N1
じゅうたい	堵车	N3
じゅうたく	住宅，住房	N2
じゅうだい	重大的	N3
じゅうてん	重点	N2
じゅうでん	充电	N2
じゅうとう	充当；抵充	N1
じゅうどう	柔道	N3
じゅうなん	柔软的；灵活的	N2
じゅうなんせい	柔韧性；灵活性	N2
じゅうにがつ	十二月	N5
じゅうにし	十二生肖	N1
じゅうにん	居民	N1
じゅうにんといろ	人各不同	N1
じゅうぶん	足够的；充分的	N5
じゅうまん	充满	N2
じゅうみん	居民	N2
じゅうやく	高管；要职	N2
じゅうよう	重要的	N3
じゅうようし	重视	N1
じゅうらい	过去，以往	N2
じゅうりょく	重力	N2
じゅぎょう	授业，上课	N5
じゅぎょうりょう	学费	N2
じゅく	补习班	N3
じゅくせい	熟成；成熟	N1
じゅくち	熟知，熟悉	N1
じゅくどく	熟读；细读	N2
じゅくりょ	深思熟虑	N1
じゅくれん	熟练	N1
じゅけん	报考	N3
じゅこう	听讲，听课	N2
じゅしょう	获奖，得奖	N2
じゅしん	接收；收信	N2
じゅじゅ	授受	N2
じゅちゅう	接受订货	N1
じゅっこう	熟虑；深思	N1
じゅみょう	寿命	N2
じゅもく	树木	N1
じゅよう	需要，需求	N2
じゅり	受理	N1
じゅりつ	树立	N1
じゅん	顺序	N2
じゅんい	名次；顺序	N2
じゅんかい	巡回；巡视	N1
じゅんかつゆ	润滑油；使事情顺利进行的人或事	N1
じゅんかん	循环	N2
じゅんじ	顺次，依次	N1
じゅんじゅん	依次（一个接一个）；逐步	N2
じゅんじょ	顺序；流程	N2
じゅんすい	纯粹的	N1
じゅんたく	充裕的；丰富的	N1
じゅんちょう	顺利的	N2
じゅんに	依次；按顺序	N2
じゅんのう	顺应，适应	N1
じゅんばん	顺序	N3
じゅんび	准备	N4
じゆう	自由的	N4
じゆうせき	自由座位	N2
じょう	……场	N3
じょうい	上位	N2
じょういかたつ	上情下达	N1
じょうえい	上映，放映	N1
じょうおん	恒温；常温	N2
じょうき	上述；上面所述	N2
じょうききかんしゃ	蒸汽机车	N1
じょうきゃく	乘客，旅客	N2
じょうきゅう	高级；上级	N3
じょうきゅうしゃ	高手；高级学习者	N3
じょうきゅうせい	高年级学生	N1
じょうきょう	情况，状况	N2
じょうぎ	尺子；直尺	N1
じょうくう	上空，高空	N3
じょうけい	情景；场面	N2
じょうけん	条件	N2
じょうげ	上下	N3
じょうげん	上限	N1
じょうざい	药丸，药片	N2
じょうし	上司，上级	N3
じょうしき	常识	N2
じょうしゃ	乘车	N3
じょうしゃけん	车票	N2
じょうしょう	上升，升高	N2
じょうじ	经常；平时	N1
じょうじゅ	成就，实现	N1
じょうじゅん	上旬	N1
じょうじょう	上市；挂牌；演出；上台表演	N3
じょうず	擅长的	N5
じょうせい	形势，局势	N1
じょうたい	状态，情形	N4
じょうたつ	进步；提高	N2
じょうだん	玩笑，笑话	N4
じょうちゅう	常驻	N1
じょうちょ	情绪；情趣	N1
じょうでき	做得好；出色的	N1
じょうと	转让	N1
じょうとう	上等的	N2
じょうねつ	激情，热情	N1
じょうはつ	蒸发；失踪	N2
じょうはんしん	上半身	N2
じょうひん	高雅的	N3
じょうぶ	结实的；健康的	N3
じょうほ	让步	N1
じょうほう	情报，信息	N4
じょうほうこうかい	信息公开	N1
じょうやく	条约	N1
じょうようしゃ	乘用车	N2
じょうりく	登陆	N1
じょうれい	条例	N1
じょうれん	常客，熟客	N2
じょきょ	去除；排除	N1
じょげん	建议；忠告	N1
じょし	女子	N3
じょしゅ	助手	N2
じょじょに	逐渐	N2
じょせい	女性，女人	N5
じょちょう	助长，促进	N1
じょゆう	女演员	N1
じょれつ	排名；顺序；等级；层级	N2
じよう	滋养；营养	N1
じりき	靠自己的力量；靠自己努力；自我救赎	N1
じりじり	一点一点；缓慢地	N2
じりつ	自立，独立	N1
じりつしんけい	自主神经	N2
じれい	事例，例子	N2
じろじろ	目不转睛地打量	N2
じろん	一贯的主张	N1
じん	……阵容	N1
じんい	人为，人工	N1
じんいん	人员	N1
じんか	人家，人烟	N1
じんかく	人格，人品	N1
じんけん	人权	N1
じんけんひ	人工费；人事成本	N1
じんこう	人口	N4
じんこうえいせい	人造卫星	N2
じんこうちのう	人工智能	N2
じんざい	人才	N2
じんしゅ	人种，种族	N1
じんじ	人事；人事事务	N1
じんじゃ	神社	N4
じんせい	一生；人生	N3
じんそく	迅速的	N1
じんたい	人体	N3
じんだい	巨大的	N1
じんぶつ	人物	N2
じんみゃく	人脉	N1
じんりょく	尽力，努力	N1
じんるい	人类	N2
す	醋	N3
すいあげる	抽吸上来；榨取利益；听取意见	N1
すいい	推移；变化	N1
すいえい	游泳	N4
すいおん	水温	N1
すいか	西瓜	N5
すいがら	烟头	N4
すいこう	执行；完成	N1
すいこむ	吸入；卷入，消失，吞噬	N2
すいさつ	推察；推测	N1
すいしつ	水质	N2
すいしょう	推荐	N1
すいしん	推进	N1
すいじゃく	衰弱	N1
すいじゅん	水准，水平	N2
すいじょうき	水蒸气	N1
すいすい	顺利地；轻快地	N2
すいせい	彗星	N1
すいせん	推荐，推举	N2
すいそう	水槽；鱼缸	N1
すいそく	推测，猜测	N2
すいぞくかん	水族馆	N3
すいたい	衰退，衰落	N2
すいちゅう	水中，水里	N1
すいちょく	垂直的	N2
すいてい	推定；估计	N1
すいとう	水筒，水壶	N3
すいとる	吸取；吸出；剥削，压榨	N2
すいどう	自来水管道	N3
すいはんき	电饭煲	N1
すいぶん	水分	N2
すいへい	水平的	N1
すいへいせん	水平线	N1
すいぼくが	水墨画	N1
すいみん	睡眠	N2
すいめん	水面	N2
すいようび	周三	N5
すいり	推理，推断	N1
すいりしょうせつ	推理小说	N1
すいりょう	水量	N1
すいろん	推论	N1
すう	吸（烟、气）；吮吸；吸收	N4
すうかい	数次	N3
すうがく	数学	N3
すうこう	崇高的	N1
すうじ	数字	N3
すうじつ	数日	N3
すうせい	趋势；动向	N1
すうち	数值	N2
すうにん	几个人	N2
すうねん	数年，几年	N3
すうりょう	数量	N2
すえ	末尾；最后	N2
すえおき	搁置；维持原状	N1
すえる	安放；固定	N1
すかさず	立刻，马上（抓住时机立）	N1
すがお	素颜；真面目	N1
すがすがしい	清爽的；爽朗的	N1
すがた	身影；姿态	N2
すがたかたち	容貌，容姿	N1
すき	喜欢的	N5
すきかって	随心所欲的	N2
すききらい	好恶，挑剔（日常好恶、挑食）	N2
すきま	缝隙；闲暇	N2
すきやき	寿喜烧	N1
すぎ	杉树	N1
すぎさる	过去；通过	N1
すぎる	（时间、地点）经过；超过；过分	N4
すく	空闲；空出来	N2
すくう	救；拯救	N2
すくすく	茁壮地	N1
すくない	少；不多；稀少	N5
すくなからず	不少，非常	N1
すくなくとも	至少	N2
すぐ	立刻；附近	N5
すぐさま	马上；立即	N1
すぐに	立刻，马上	N5
すぐれる	优秀；胜过	N2
すけべ	好色的；色鬼	N1
すける	透过；透明	N1
すこし	一点	N5
すこしも	一点也不	N3
すこぶる	颇，非常	N1
すこやか	健康的（身心、成长）；健全的	N1
すごい	厉害的；不得了	N5
すごす	度过（时间、假期）；生活；过度	N4
すごすご	垂头丧气地	N1
すごむ	威吓	N1
すさまじい	可怕的；糟糕的；惊人的；巨大的；骇人的；荒谬的	N1
すし	寿司	N5
すじ	肌肉；筋腱；血管；纤维；情节；脉络	N2
すじがき	剧情；梗概	N1
すじだて	故事情节；梗概	N1
すじちがい	不合道理的；错位的	N1
すじみち	条理；思路	N1
すすぐ	冲洗；洗清	N1
すすみ	进展；前进	N3
すすむ	（人、计划）前进；进步；进展	N4
すすめ	推荐；劝告	N2
すすめる	推进；使前进	N4
すすんで	主动地；自愿地	N3
すずしい	凉爽的	N4
すずしいかお	若无其事的脸	N2
すずむ	乘凉	N2
すずめ	麻雀	N1
すそ	下摆；山脚	N2
すたれる	衰落；过时	N1
すっかり	完全，全部	N4
すっきり	清爽；利落	N2
すっと	爽快地（顺畅）；笔直地	N1
すっとばす	猛冲（飞快赶路）；跳过	N1
すっぱい	酸的	N3
すてき	极好的；漂亮的	N3
すてる	扔掉；抛弃	N4
すでに	已经（客观）	N2
すな	沙子	N3
すなお	坦率的；老实的	N2
すなはま	海滨沙滩	N2
すなわち	即，即是	N2
すばこ	鸟巢箱	N2
すばやい	迅速的；敏捷的	N1
すばらしい	极好的；精彩的	N3
すべすべ	光滑，滑润	N1
すべて	全部	N4
すべりだし	滑起；开始	N1
すべる	滑动；打滑	N3
すまい	住所；住处	N2
すます	办妥（手续、工作）；结束	N2
すませる	使办妥；让对象完成	N2
すみ	完了	N2
すみか	住处；栖身处	N1
すみずみ	各个角落	N2
すみつく	定居	N1
すみません	对不起；劳驾；谢谢	N5
すみやか	迅速的；及时的	N1
すみわけ	分栖；分工共存	N1
すむ	居住	N5
すもう	相扑	N2
すら	连～都	N2
すらすら	流畅，流利	N2
すりきれる	（衣物）磨破；磨损	N1
すりこむ	印入；灌输	N2
すりぬける	擦身而过；穿过，钻过；躲过，混过	N1
すりへらす	磨薄（鞋底）；劳神，费心	N1
すりよる	贴近	N1
する	做	N5
すると	于是；那么	N3
するどい	尖锐的；敏锐的	N2
すれちがい	擦肩而过；不合拍	N2
すれちがう	擦肩而过；产生分歧	N2
すわる	坐；居某地位	N5
すんぜん	眼前；即将	N1
すんなり	顺利地；轻松地	N1
すんぽう	尺寸；大小；范围；计划；打算；安排；日程	N1
ず	图表；地图	N3
ずいいち	第一流；首屈一指	N1
ずいしょ	到处，随处	N2
ずいじ	随时	N1
ずいそう	随感	N1
ずいひつ	随笔，散文	N1
ずいぶん	相当；很	N3
ずうずうしい	厚脸皮的	N2
ずかん	图鉴	N2
ずきずき	一阵阵刺痛	N3
ずけい	图形，图示	N1
ずしき	图表	N1
ずっしり	沉甸甸地	N1
ずっと	一直；远远	N5
ずつ	每……	N4
ずつう	头痛；烦恼	N3
ずのう	头脑；智力	N1
ずばり	直截了当地	N1
ずひょう	图表	N1
ずぶぬれ	全身湿透	N1
ずめん	图纸；图面	N1
ずらす	挪开（位置）；挪动、移开；错开	N2
ずらり	整整齐齐地排列	N1
ずるい	狡猾的	N3
ずれ	偏差；分歧	N1
ずれこむ	拖延	N1
ずれる	（位置、时间）偏离；错开	N2
せ	身高	N4
せい	缘故；责任	N5
せいいく	生育；养育	N1
せいいっぱい	竭尽全力	N2
せいいん	成员	N1
せいえい	精锐，精英	N1
せいえん	声援	N2
せいか	成果	N2
せいかい	正确答案	N3
せいかく	性格，脾气	N4
せいかつ	生活	N4
せいかつひ	生活费	N3
せいき	世纪	N3
せいきゅう	请求；索要	N2
せいきゅうしょ	账单	N2
せいきょう	盛况	N1
せいぎ	正义	N1
せいぎょ	控制	N1
せいけい	生计；生活来源	N2
せいけつ	干净的；清洁的	N3
せいけん	政权	N1
せいげん	限制，节制	N3
せいこう	成功	N4
せいご	出生以后	N2
せいさく	制造，制作	N2
せいさん	生产，制造	N4
せいさんしゃ	生产者	N2
せいさんコスト	生产成本.	N3
せいざ	端坐	N2
せいし	生死	N1
せいしき	正式的	N2
せいしつ	性质；本性	N2
せいしゅん	青春	N1
せいしょ	誊写；誊清稿	N1
せいしょうねん	青少年	N1
せいしょく	生殖，繁殖	N1
せいしん	精神；意识	N2
せいしんてき	精神上的	N2
せいじ	政治	N3
せいじか	政治家	N3
せいじつ	诚实的	N1
せいじゅく	成熟	N1
せいじょう	正常的	N3
せいじん	长大，成人	N2
せいせい	生成；产生	N1
せいせき	成绩；业绩	N3
せいせん	生鲜的	N1
せいぜい	充其量；尽量	N1
せいぜん	整齐有序的	N1
せいぜんせつ	性善说	N1
せいそう	清扫，打扫	N3
せいそく	栖息；生存	N1
せいぞう	制造，生产	N2
せいぞん	生存	N2
せいぞんけん	生存权	N1
せいたい	生态；生活状态	N2
せいたん	诞生	N1
せいだい	盛大的	N1
せいちゅう	成虫	N1
せいちょう	成长	N2
せいつう	精通，通晓	N1
せいてき	静态的	N2
せいと	学生	N5
せいとう	政党	N2
せいど	制度，规定	N2
せいどう	生动；活跃	N1
せいねん	青年	N1
せいねんがっぴ	出生年月日	N4
せいのう	性能，效能	N2
せいひ	成败；成功与否	N2
せいひょう	制冰	N1
せいひん	产品	N3
せいび	整备；维护	N2
せいふ	政府	N2
せいふく	制服	N3
せいぶつ	生物	N3
せいぶん	成分	N2
せいべつ	性别	N3
せいほう	制作方法	N1
せいほん	装订	N1
せいぼ	年终礼物	N2
せいみつ	精密的	N1
せいめい	生命	N2
せいめいりょく	生命力	N1
せいもん	正门，前门	N3
せいやく	制约，限制	N2
せいゆう	配音演员	N1
せいよう	西洋，西方	N3
せいり	整理	N3
せいりつ	成立，通过	N2
せいりょく	精力	N1
せいろん	正确意见；正论	N1
せおう	背负；承担	N2
せかい	世界	N4
せかいいさん	世界遗产	N1
せかいかん	世界观	N2
せかす	催促	N1
せかせか	匆忙慌张地	N1
せがむ	央求	N1
せき	座位，席位	N4
せきたん	煤，煤炭	N2
せきにん	责任，职责	N2
せきにんしゃ	负责人	N1
せきめん	脸红	N1
せきゆ	石油	N3
せけん	世间；社会	N2
せけんばなし	闲聊，闲谈	N1
せこい	小气的；卑鄙的	N1
せじょう	上锁	N1
せすじ	脊梁；背部肌肉	N1
せぞく	世俗；尘世	N1
せたい	家庭；户	N1
せたけ	身高；高度	N1
せだい	世代；一代人	N2
せちがらい	世道艰难；吝啬；斤斤计较；唯利是图	N1
せっかく	好不容易；特意	N3
せっき	石器	N1
せっきゃく	接待顾客	N2
せっきょう	说教；训斥	N2
せっきょくせい	积极性	N1
せっきょくてき	积极的	N3
せっきん	接近；靠近	N1
せっけい	设计；设计图	N2
せっけん	肥皂	N2
せっしゅ	摄取，吸收	N1
せっしょく	接触	N1
せっする	接触；接待	N2
せっせと	勤快地；不停地	N2
せったい	接待，招待	N4
せっち	设置；安装	N2
せっちょ	拙著；我的书	N1
せってい	设定，订立	N2
せってん	接点；共同点	N1
せっとく	说服，劝说	N2
せっとくりょく	说服力	N2
せっぱつまる	迫在眉睫	N1
せつ	说法；学说	N2
せつじつ	恳切的；切实的	N1
せつぞく	接续，连接	N2
せつでん	节电，省电	N2
せつど	适度，节制	N1
せつない	难受的（因思念）；苦闷的	N1
せつび	设备，配备	N2
せつぼう	渴望；热切盼望	N1
せつめい	说明	N4
せつもん	题目；设问	N1
せつやく	节约，节省	N2
せつりつ	设立，成立	N1
せなか	后背	N3
せのび	踮脚；逞强	N2
せばまる	变窄	N1
せばめる	缩小（差距、范围）	N1
せひょう	社会评价；舆论	N1
せぼね	脊梁骨	N2
せまい	窄的；狭小的	N5
せまる	迫近；逼迫	N2
せみ	蝉	N1
せめ	进攻，攻击	N2
せめて	至少（退一步的最）；哪怕	N2
せめる	进攻	N2
せりふ	台词；说法	N2
せわ	照顾，帮忙	N4
せわしない	忙碌的（带动作急促）	N1
せん	千	N5
せんい	纤维	N1
せんきょ	选举，推选	N2
せんぎょう	专业	N2
せんぎょうしゅふ	家庭主妇	N2
せんげつ	上个月	N5
せんげん	宣言	N1
せんこう	专业；专攻	N2
せんご	战后	N2
せんさい	纤细的；细腻的	N2
せんさく	探究；盘问	N1
せんざい	洗涤剂	N3
せんしゅ	选手	N3
せんしゅう	上周	N5
せんしゅつ	选出；选拔	N2
せんしょく	染色	N1
せんしん	专心；一心	N1
せんじつ	前几天	N3
せんじゅつ	前述，上述	N1
せんじょう	洗涤，洗净	N1
せんす	折扇，扇子	N3
せんすい	潜水	N1
せんせい	老师；先生	N5
せんせんしゅう	上上周	N1
せんぜん	战前	N1
せんそう	战争	N4
せんぞ	祖先，祖宗	N1
せんたい	战队	N1
せんたく	选择	N3
せんたくき	洗衣机	N3
せんたくし	选项	N3
せんたくもの	洗涤物；洗好的衣物；待洗衣物	N3
せんたん	尖端；前沿	N2
せんだって	前些日子；先前	N1
せんちゃく	先到；先来	N2
せんて	先手；先发制人	N1
せんでん	宣传	N3
せんとう	前头，最先	N2
せんど	新鲜度	N1
せんどう	先导，带路	N1
せんにゅうかん	先入之见	N2
せんにん	仙人，神仙	N1
せんねん	专心；专注	N2
せんばつ	选拔	N2
せんぱい	前辈	N4
せんぷうき	电风扇	N1
せんぷく	潜伏	N1
せんべい	仙贝；米饼	N1
せんべつ	筛选；挑选	N2
せんぺんばんか	千变万化	N1
せんぽう	战术	N2
せんむ	专务董事	N2
せんめい	鲜明的	N2
せんめんじょ	盥洗室	N1
せんめんだい	洗脸池	N1
せんもん	专业，专门	N4
せんもんか	专家	N3
せんやく	先前约定；预先约好的约会；预约；先前协议	N1
せんゆう	占有，据有	N1
せんよう	专用	N2
せんりつ	战栗，颤抖	N1
せんりゃく	战略，战术	N2
せんりょう	占领，占据	N1
せんれつ	鲜明强烈的	N1
せんれん	洗练，高雅	N2
せんろ	铁路，轨道	N3
ぜいかん	海关	N1
ぜいきん	税款，税金	N3
ぜいたく	奢侈的	N2
ぜいりつ	关税；税率	N1
ぜせい	纠正；改正	N1
ぜっきょう	绝叫；尖叫	N1
ぜっけい	绝景	N2
ぜっこう	绝佳；最佳状态	N1
ぜっさん	盛赞；高度赞扬	N1
ぜったい	绝对；一定	N4
ぜったいに	绝对	N3
ぜっぱん	绝版	N1
ぜつだい	极大的	N1
ぜつぼう	失望，绝望	N1
ぜつみょう	绝妙的	N1
ぜつめつ	灭绝	N1
ぜひ	务必，一定	N4
ぜん	好，善良	N2
ぜんあく	善恶	N1
ぜんい	善意；好意	N2
ぜんいん	全体成员	N3
ぜんえい	前卫；先锋	N1
ぜんかい	上次，上回	N3
ぜんがく	全额	N2
ぜんこく	全国	N3
ぜんご	前后	N3
ぜんしゃ	前者	N2
ぜんしん	全身	N2
ぜんせい	全盛，鼎盛	N1
ぜんぜん	完全不；一点也不	N4
ぜんたい	所有，整体	N4
ぜんだま	好人；有益一方	N1
ぜんてい	前提	N2
ぜんとうよう	前额叶	N1
ぜんはん	前半	N2
ぜんぱん	全体，总体	N2
ぜんぶ	全部	N5
ぜんぽう	前面，前方	N3
ぜんめん	全面；整个面	N2
ぜんめんてき	全面的	N2
ぜんりゃく	前略	N1
ぜんりょう	善良的	N2
ぜんりょく	全部力量	N1
ぜんれい	前例，先例	N1
そあく	粗劣的	N2
そう	那样；对	N5
そうい	创意	N2
そういえば	说起来	N2
そうおん	杂音，噪声	N2
そうかん	相关	N2
そうがく	总额	N2
そうき	早期；初期阶段	N2
そうぐう	遭遇，遇到	N2
そうげん	草原	N1
そうこ	仓库	N3
そうこう	行驶；运行	N2
そうご	相互；互相	N2
そうごう	总括，综合	N2
そうさ	操作	N2
そうさく	创作；创造；编造；虚构	N2
そうざい	家常的熟食	N2
そうしき	葬礼，丧事	N3
そうしつ	丧失	N1
そうしょく	装饰	N1
そうしん	发送	N3
そうじ	扫除	N5
そうじき	吸尘器	N3
そうじて	总的来说	N1
そうじゅう	驾驶；操纵	N1
そうすう	总数	N2
そうせい	簇生，丛生	N1
そうぜん	骚然的；喧闹的	N1
そうぞう	想象	N3
そうぞうしい	吵闹的（喧嚣）；喧嚣的	N2
そうたい	早退	N3
そうたいてき	相对的	N2
そうだ	对；是这样	N4
そうだい	宏大的	N1
そうだん	商量；协商；咨询	N4
そうち	装置；安装	N2
そうちょう	早晨	N3
そうてい	设想，预期	N2
そうとう	相当的；很	N2
そうにゅう	插入	N1
そうば	市价；行情；投机；一般评价；估价；声望	N1
そうび	装备，配备	N1
そうふ	寄送；发送	N2
そうべつ	送别，送行	N2
そうべつかい	送别会	N4
そうほう	双方，两方	N1
そうむ	总务	N2
そうりつ	创立；创建	N2
そうりょ	僧侣	N1
そうりょう	邮费，运费	N2
そうるい	藻类	N1
そえる	添上；附加	N2
そぎおとす	削去；删减	N1
そくざ	当即，当场	N2
そくしん	促进	N1
そくじ	立即，立刻	N1
そくする	符合；根据	N1
そくせい	促成；催熟	N2
そくたつ	快递；特快邮件	N2
そくだん	立即判断；果断决定	N1
そくてい	测定；测量	N2
そくど	速度	N3
そくどく	速读	N1
そくばく	束缚，限制	N1
そくめん	侧面；方面	N2
そぐ	削减；削去	N1
そぐわない	不合适；不相称；不合身份	N1
そこ	那里	N5
そこあげ	提高水平	N2
そこいじ	心眼，心肠	N1
そこそこ	还算；相当	N2
そこぢから	潜力；底气	N1
そこで	因此（强调）；在那儿	N3
そこなう	损害；错过	N2
そこねる	弄坏（损坏）；错过	N1
そこら	那一带；附近	N2
そざい	素材；原料	N2
そしき	组织，组成	N2
そしつ	资质，天分	N2
そして	于是，然后	N5
そしゃく	咀嚼；理解消化	N2
そしょう	诉讼	N1
そじ	底子；基础	N1
そせん	祖先	N1
そそぐ	倒入；注入	N3
そそっかしい	冒失的；粗心的	N2
そそる	引起兴趣；刺激食欲	N1
そだち	成长；长大	N3
そだつ	（孩子、植物）成长	N3
そだてあげる	养育成人	N1
そだてる	培养（孩子、植物）	N4
そち	措施，处理	N1
そちら	那边；那位	N5
そっくり	一模一样的；相似的	N3
そっこく	立即	N1
そっせん	率先，带头	N1
そっち	那边	N5
そっちのけ	忽视；置之不理；胜过；不亚于	N1
そっちょく	率直的	N2
そっと	轻轻地	N3
そつう	疏通，沟通	N1
そつぎょう	卒业	N4
そつぎょうしき	毕业典礼	N4
そで	袖子，衣袖	N3
そと	外面	N5
そとがわ	外侧，外面	N2
そどく	诵读；只读原文	N1
そなえ	准备；防备	N2
そなえつける	安装；备有	N2
そなえる	准备（食物、物资）；装备，设置；与生俱来	N2
そなわる	（设施、人才）具备；装备，装有	N2
その	那个	N5
そのうえ	而且，并且（进一步增加）	N3
そのうち	早晚；不久	N2
そのご	在那以后	N4
そのため	因此，所以（书面）	N3
そのば	当场；当时	N3
そのほか	此外；其他	N3
そのまま	原样；就那样	N4
そのもの	本身；正是	N2
そば	旁边，附近	N5
そばや	荞麦面馆	N4
そびえる	耸立	N1
そふ	祖父	N5
そふぼ	祖父母	N3
そぶり	举止（表情）；样子	N1
そぼ	祖母	N5
そぼく	朴素的；单纯的	N1
そまつ	粗糙的；简陋的	N2
そまる	（布、天空）染上；沾染	N2
そめる	染色（布、头发）；着手，开始	N2
そもそも	说到底；原本	N2
そら	天空	N5
そらす	移开；转移	N2
それ	那个	N5
それから	然后；还有	N5
それぞれ	各自	N4
それだけ	仅仅；那么多	N3
それで	因此（承接结果）；然后	N4
それでは	那么	N5
それでも	即使那样	N3
それとなく	不露痕迹地；委婉地	N2
それとも	或者，还是	N4
それどころか	岂止如此	N2
それなのに	尽管如此	N3
それなら	如果那样	N4
それなり	相应地；如其所是	N2
それに	而且，还有（补充前项）	N4
それにしても	即便如此；话虽如此	N1
それほど	那么；到那种程度	N3
それゆえ	所以，因此	N1
それる	偏离	N2
それを	尽管如此；即便如此；然而	N3
そろう	齐全；聚齐	N3
そろえる	备齐；对齐	N2
そろそろ	快要；差不多	N5
そわそわ	坐立不安	N1
そん	损失；吃亏	N2
そんがい	损害，损失	N2
そんけい	尊敬，敬仰	N3
そんげん	尊严；尊贵	N1
そんざい	存在	N2
そんざいかん	存在感	N2
そんしつ	损失	N1
そんしょう	损伤	N1
そんぞく	存续，延续	N1
そんだい	傲慢的	N1
そんちょう	尊重	N2
そんな	那样（听话人一侧）；不那样	N5
そんなに	那么；那种程度	N4
そんぼう	存亡	N1
そんらく	村落，村庄	N1
ぞい	沿着	N3
ぞう	大象	N4
ぞういん	增加人员	N1
ぞうか	增加，增多	N3
ぞうきん	抹布	N3
ぞうけい	造型	N1
ぞうしゅう	增收；收入增加	N1
ぞうしょく	增殖，繁殖	N1
ぞうせつ	增设	N1
ぞうぜい	增税	N1
ぞうだい	增大	N2
ぞくしゅつ	接连发生	N2
ぞくせい	属性，特征	N1
ぞくぞく	接连不断	N2
ぞっこう	继续进行	N2
ぞっと	毛骨悚然	N2
ぞろぞろ	成群结队地	N2
ぞんざい	粗鲁的；草率的	N1
ぞんじあげる	知道（谦让语）	N1
ぞんじる	知道；想，打算，认为	N1
た	田，稻田	N4
たい	对；相对；一对；成对；对比	N4
たいいく	体育	N4
たいいくかん	体育馆	N4
たいいん	出院	N3
たいおう	应对；对应	N2
たいおん	体温	N2
たいか	对价；代价	N1
たいかい	大会，大赛	N3
たいかく	体格	N1
たいがい	体外	N2
たいがく	退学	N3
たいき	大气	N1
たいきょく	大局	N2
たいきょくけん	太极拳	N3
たいきん	巨款	N1
たいくつ	无聊的	N3
たいぐう	待遇；对待	N1
たいけい	体系，系统	N1
たいけつ	对决；较量	N2
たいけん	体验；经历	N2
たいこう	对抗，抗衡	N2
たいこく	大国，强国	N1
たいさ	很大差别	N1
たいさく	对策	N2
たいざい	停留；逗留	N3
たいし	大使	N2
たいしかん	大使馆	N4
たいしつ	体质；性质	N2
たいして	并不怎么	N1
たいしゃ	辞职；下班	N2
たいしゅつ	退出，退下	N2
たいしょ	应付，对付	N2
たいしょう	对象	N2
たいしょうてき	对照性的；相反的	N1
たいしょく	退职，退休	N2
たいじ	扑灭，消灭	N2
たいじゅう	体重	N3
たいじょう	退席，退场	N2
たいする	面对；针对	N3
たいせい	体制	N2
たいせつ	重要；珍贵；爱护；认真对待	N5
たいせん	大战	N2
たいそう	体操	N3
たいだん	对谈	N1
たいちょう	身体状况	N2
たいてい	通常；大多	N3
たいてき	大敌；强敌	N2
たいとう	平等的	N2
たいとく	体会掌握	N2
たいど	态度，举止	N2
たいない	体内	N2
たいのう	滞纳，拖欠	N1
たいはん	大半；大多数	N1
たいひ	对照，对比	N2
たいふう	台风	N3
たいぶ	篇幅长的；大部头的；大部分；大多；相当多	N2
たいへん	严重的；辛苦的	N5
たいべつ	大致区别	N2
たいほ	逮捕	N1
たいぼく	大树，巨树	N1
たいめん	面对面	N2
たいやく	重大任务；重任	N1
たいよ	出借；借给	N1
たいよう	太阳	N3
たいら	平坦的	N2
たいりく	大陆	N1
たいりつ	对立，冲突	N2
たいりょう	大量，多量	N3
たいりょく	体力	N3
たいりん	大朵（花）	N1
たいろ	退路	N1
たいわ	对话，交谈	N2
たうえ	插秧	N1
たえず	不断；持续	N2
たえぬく	忍耐到底	N1
たえま	间隙；空隙	N1
たえる	（联系、传统）断绝；消失，灭亡	N2
たおす	弄倒；推翻	N2
たおれる	（人、树）倒下	N4
たか	数量；金额；总量；销售额	N3
たかい	高的；贵的	N5
たかく	多角；多方面	N1
たかだか	至多；不过	N1
たかまる	（意识、气氛）高涨；提高	N2
たかみ	高处	N2
たかめる	提高（能力、质量）	N2
たから	宝贝，宝物	N2
たからくじ	彩票	N4
たがい	彼此；互相	N3
たがく	大额的	N2
たがやす	耕种	N2
たき	瀑布	N2
たくえつ	卓越，超群	N1
たくさん	很多	N5
たくす	托付（书面）；寄托	N1
たくはい	配送到家	N2
たくはいびん	快递	N3
たくましい	健壮的；坚强的	N2
たくみ	巧妙（技艺）；技巧	N1
たくわえ	储蓄，积蓄	N2
たくわえる	储存；积蓄	N2
たぐい	类；匹敌	N1
たけ	长度；身高	N1
たこ	风筝	N4
たさい	多彩的；丰富的	N2
たしか	确实的（记忆、可靠判断）；可靠的	N4
たしかめる	确认	N3
たしゃ	其他公司	N2
たしゅたよう	多种多样的	N2
たしょう	多少；稍微	N3
たすう	多数；许多	N2
たすかる	（人、病人）得救；负担减轻	N2
たすけ	帮助，救助	N3
たすけあう	互相帮助	N2
たすける	帮助（朋友、灾民）；救助，救命	N4
たずさえる	携带（工具、行李）；偕同；携手	N1
たずさわる	（人、专家）从事	N1
たずねる	询问；打听；查问；寻找	N4
たたえる	装满；赞美	N1
たたかい	战斗，战争	N2
たたかう	战斗	N4
たたく	敲；打	N3
たたみ	榻榻米	N3
たたみこむ	折叠收进；折叠起来；放在心里	N1
たたむ	折叠；合上、关闭；藏在心里	N3
ただ	免费；只是；不过	N5
ただい	巨大的；很大	N2
ただいま	现在；刚才	N5
ただし	但是；不过	N2
ただしい	正确的	N5
ただす	纠正；端正	N2
ただよう	漂浮；弥漫	N1
たち	～们	N5
たちあい	会同，在场	N1
たちあう	在场见证	N1
たちあがる	站起来；恢复；开始，着手	N2
たちあげる	启动（项目、系统）；驱动，开动	N2
たちいり	进入	N1
たちいりきんし	禁止进入	N3
たちいる	进入；干涉	N1
たちかえる	返回原点；回到起点或原状	N1
たちきる	彻底切断（联系、习惯）；断绝	N1
たちさる	离开现场（现场离开）	N1
たちどまる	停下脚步	N2
たちなおる	恢复；重新振作	N1
たちならぶ	并排林立；（建筑物等）林立；匹敌	N2
たちのく	搬离；离开；搬出	N1
たちば	立场；处境	N2
たちまち	立刻（转眼间发生）；转眼间	N2
たちむかう	面对；迎战	N1
たちもどる	返回原处；回到先前地点或状态	N1
たちよる	顺路拜访；靠近	N2
たっきゅう	乒乓球	N4
たっしゃ	健康强壮的；擅长的；高手；专家	N1
たっする	达到	N3
たっせい	达到，完成	N2
たった	只，仅（强调）	N3
たったいま	刚才	N3
たっぷり	充分地；足足	N2
たつ	（人、物）站立；竖立；离开，动身	N5
たて	纵，竖	N2
たてかえる	代为垫付	N2
たてなおす	重建	N3
たてまえ	表面立场；原则说法	N1
たてもの	建筑物	N5
たてる	竖起（旗子、柱子）；制订；发出，冒起	N4
たとえ	即使	N3
たとえば	例如，假设	N4
たとえる	比喻	N1
たどりつく	到达（经过过程）	N2
たどる	沿着走；追溯	N2
たな	棚，架	N3
たにん	他人	N4
たぬき	貉；狡猾的人；老狐狸	N1
たね	种子；种类	N2
たねまき	播种，撒播	N1
たのしい	开心的；有趣的	N5
たのしみ	期待的；有乐趣的	N4
たのしむ	享受	N4
たのみこむ	恳求	N1
たのむ	请求；依靠	N4
たのもしい	可靠的；有希望的	N2
たはた	田地；农田	N1
たはつ	多发	N1
たば	束，捆，把	N3
たばねる	捆扎；统领	N2
たび	旅行，旅游	N3
たびかさなる	屡次发生	N1
たびさき	旅行地；旅途中	N2
たびじ	旅途，旅行	N2
たびたび	屡屡，多次	N2
たびだつ	启程	N2
たぶん	大概，大约	N4
たべもの	食物，食品	N5
たべる	吃（普通中性）	N5
たほう	另一方面	N1
たまご	鸡蛋；卵	N5
たまごやき	煎蛋卷	N4
たましい	灵魂；精力	N1
たまたま	偶然	N2
たまに	偶尔	N5
たまらない	受不了；不得了	N2
たまる	（钱、工作）积攒起来；积存	N3
たまわる	承蒙赐予；获赐；赐予；授予	N2
ため	原因（目的）；为了	N4
ためいき	叹气；叹息	N1
ためし	尝试；试验	N2
ためす	试验	N2
ためらう	犹豫	N1
ためる	积累，储蓄	N3
たもつ	保持	N2
たやすい	容易的	N1
たよう	多样的	N2
たより	依靠，倚仗	N2
たよりない	不可靠；模糊不定；无助；孤苦无依；担心；不安	N1
たよる	依靠	N3
たりょう	大量的	N2
たりる	足够（数量）；值得	N4
たろう	太郎（人名）	N5
たわいない	无聊的；无关紧要	N1
たわむれる	嬉戏；玩耍	N1
たんい	单位；群体；整体；学分	N3
たんいつ	单一的	N1
たんき	急性子的	N3
たんきかん	短期	N2
たんきゅう	探究，探求	N2
たんけん	探险	N1
たんこうぼん	单行本	N1
たんご	单词	N3
たんさく	探索，搜寻	N1
たんしゅく	缩短，缩减	N2
たんしょ	短处，缺点	N2
たんしん	单身；独自	N2
たんじゅん	单纯的	N3
たんじょう	出生；诞生	N4
たんじょうび	生日	N5
たんす	衣橱，衣柜	N3
たんせい	精心；精诚	N1
たんち	探知，探查	N1
たんちょう	单调的	N2
たんてい	侦探，侦查	N1
たんてき	简明的；直截了当	N1
たんとう	担当，担负	N3
たんどく	单独，独自	N1
たんなる	仅仅，只是	N2
たんに	仅仅	N3
たんにん	担任，担当	N3
たんねん	精心的	N1
たんのう	精通的；尽情享用	N1
たんぱくしつ	蛋白质	N2
たんぺん	短篇	N1
たんぼ	田地（水田）	N1
たんぽぽ	蒲公英	N2
たんまつ	终端；设备	N1
たんらく	武断；短路	N1
だい	台（机器、车辆）	N4
だいいち	第一	N4
だいいちいんしょう	第一印象	N1
だいいちにんしゃ	第一人；权威	N1
だいいっぽ	第一步	N2
だいがく	大学	N5
だいがくいん	研究生院	N4
だいがくいんせい	研究生；硕士生；博士生	N1
だいがくせい	大学生	N5
だいきぼ	大规模的	N1
だいきん	货款，款	N3
だいく	木匠，木工	N1
だいこう	代行，代办	N1
だいごみ	乐趣；精髓	N1
だいさんしゃ	第三者	N1
だいざい	题材	N2
だいしぜん	大自然	N1
だいしょう	大与小	N3
だいじ	重要的	N4
だいじょうぶ	没事；可以	N5
だいじん	大臣	N2
だいすう	台数，辆数	N2
だいすき	非常喜欢的	N5
だいず	大豆，黄豆	N2
だいたい	大致；基本上	N4
だいたすう	大多数	N1
だいたん	大胆的	N2
だいだい	世世代代	N2
だいち	大地	N1
だいとうりょう	总统；老板	N3
だいとかい	大城市	N3
だいとし	大城市	N2
だいどころ	台所，厨房	N5
だいなし	糟蹋；白费	N2
だいのう	大脑	N1
だいひつ	代笔	N2
だいひょう	代表	N3
だいぶ	很；相当	N2
だいぶぶん	大部分	N3
だいべん	大便	N1
だいめい	题目，标题	N2
だいやく	替身；代演	N1
だいり	代理（人）	N2
だかい	打开，打破	N1
だから	因此，所以	N5
だが	但是	N3
だきょう	妥协	N1
だく	抱住	N3
だけ	只，仅	N5
だけど	可是，然而	N4
だげき	打击；击打	N1
だしあう	互相拿出；共同出资	N3
だしいれ	拿进拿出	N2
だしん	试探；打听意向	N1
だす	拿出（物品）；提交、发出	N5
だっきゃく	摆脱；脱离	N1
だっこ	抱；搂抱	N2
だっしゅつ	逃脱，逃出	N2
だったい	脱离，退出	N1
だったら	那样的话	N4
だって	因为；可是	N4
だつ	脱离……	N1
だつぜい	逃税	N1
だつらく	脱落；落选	N1
だとう	妥当的；合理的	N2
だぶだぶ	松垮的；肥大的	N3
だぼく	磕碰，碰撞	N1
だます	欺骗；哄	N1
だまる	沉默；闭嘴	N3
だめ	不行；糟糕	N4
だらしない	懒散的；不像样的	N3
だらだら	懒散地；拖拖拉拉	N1
だるい	乏力的；慵懒的	N3
だれ	谁	N5
だれか	某人	N4
だれしも	谁都；人人	N2
だれひとり	（不）任何一个人；（不）一个人也没有	N2
だん	台阶；层；架；等级；段	N3
だんかい	阶段；等级	N2
だんけつ	团结	N2
だんげん	断言，断定	N1
だんし	男子	N3
だんじて	断然；绝对	N1
だんじょ	男女	N3
だんすい	停水	N1
だんせい	男性	N5
だんぜん	断然；显然	N2
だんたい	集团，团体	N3
だんだん	逐渐	N5
だんち	住宅区；小区	N1
だんてい	断定，判断	N1
だんどり	安排（按步骤筹划）；步骤	N2
だんねん	死心，放弃	N1
だんぺん	片断，部分	N1
だんぼう	暖气	N3
だんりょく	弹力，弹性	N1
だんボール	瓦楞纸板；瓦楞纸	N3
ち	血	N4
ちい	地位，身份	N2
ちいき	地域，地区	N2
ちいきしゃかい	地区性社会	N1
ちいさい	小的；年幼的	N5
ちいさな	小，微小的	N5
ちえ	智慧；主意	N2
ちか	地下；阴间	N3
ちかい	近的；接近的	N5
ちかう	发誓	N1
ちかく	附近	N5
ちかごろ	近日，最近	N2
ちかしい	亲近的	N2
ちかすい	地下水	N2
ちかちか	闪烁；刺眼	N3
ちかぢか	不久（最近）；近日	N1
ちかづく	靠近（自行）；临近；亲近	N2
ちかづける	使靠近；使亲近	N2
ちかてつ	地铁	N5
ちかみち	近道；捷径	N3
ちかよる	靠近（主动）；亲近	N1
ちから	力气；力量	N4
ちからしごと	体力活	N1
ちからつきる	力竭	N1
ちからづける	鼓励；打气	N2
ちからづよい	有力的；强有力	N2
ちがい	差异，不同	N4
ちがう	不同；不对	N4
ちきゅう	地球	N3
ちぎれる	断裂；撕碎	N1
ちく	地区，地域	N1
ちくさん	畜产	N1
ちくせき	积蓄，积累	N2
ちけい	地形	N1
ちこく	迟到	N4
ちしき	知识	N3
ちしつ	地质	N1
ちじ	都道府县知事；地方行政长官	N1
ちじょう	地上	N2
ちじん	熟人，朋友	N2
ちず	地图	N5
ちたい	地带	N2
ちち	父亲（自己的）	N5
ちちおや	父亲	N4
ちぢまる	（距离、差距）缩短	N1
ちぢむ	（衣物）缩小；因恐惧、紧张畏缩	N2
ちぢめる	缩短（时间、距离）；缩小；蜷曲	N2
ちっとも	一点也不	N3
ちっぽけ	极小的	N1
ちつじょ	秩序，条理	N2
ちてき	知性的；理智的	N2
ちなみに	顺便，附带	N3
ちのう	智力，智慧	N2
ちほう	地方；地区	N2
ちまた	街头（街巷）；民间	N1
ちみつ	缜密的；细致的	N1
ちめい	有名的	N1
ちめいてき	致命的	N1
ちめいど	知名度	N1
ちゃいろ	茶色的	N5
ちゃいろい	棕色的	N5
ちゃく	件；到达	N2
ちゃくしゅ	着手，开始	N1
ちゃくしょく	着色；上色	N1
ちゃくじつ	踏实的；稳健的	N2
ちゃくそう	构想；想法	N1
ちゃくちゃく	稳步地；顺利地	N2
ちゃくもく	着眼，注目	N1
ちゃくよう	穿（衣服）	N1
ちゃわん	茶碗；饭碗	N3
ちゃん	～酱	N4
ちゃんと	好好地；整齐地	N4
ちゅう	中；期间	N5
ちゅうい	注意；小心	N4
ちゅういぶかい	仔细的；谨慎的	N1
ちゅうおう	中央；中心	N2
ちゅうかがい	中华街	N4
ちゅうかく	核心	N1
ちゅうかりょうり	中国菜	N3
ちゅうかん	中间；中途	N3
ちゅうがい	虫害	N1
ちゅうがく	中学；初中	N4
ちゅうがくせい	初中生	N5
ちゅうがっこう	初中	N5
ちゅうきゅう	中级，中等	N3
ちゅうけい	转播；中继	N2
ちゅうこ	二手；旧货	N3
ちゅうこく	忠告，劝告	N1
ちゅうごく	中国	N5
ちゅうごくご	中文，汉语	N5
ちゅうごくじん	中国人	N5
ちゅうさい	调解，仲裁	N1
ちゅうざい	驻外；驻在	N1
ちゅうし	中止，取消	N3
ちゅうしゃ	停车	N3
ちゅうしゃきんし	禁止停车	N3
ちゅうしゃじょう	停车场	N3
ちゅうしゅつ	抽出；提取	N1
ちゅうしょう	中伤，诽谤	N1
ちゅうしょうか	抽象化	N1
ちゅうしょうてき	抽象的	N2
ちゅうしょく	午饭	N3
ちゅうしん	中心	N4
ちゅうじつ	忠实的	N1
ちゅうじゅん	中旬	N3
ちゅうすう	中枢；核心	N1
ちゅうせい	中世纪	N1
ちゅうせいだい	中生代	N1
ちゅうせん	抽签，抽选	N2
ちゅうだん	中断，断开	N2
ちゅうちょ	踌躇，犹豫	N1
ちゅうと	中途，半途	N1
ちゅうとはんぱ	半途而废的；不彻底的	N1
ちゅうねん	中年	N1
ちゅうもく	注目，注视	N2
ちゅうもん	订购；要求	N3
ちゅうや	昼夜；日夜	N1
ちゅうりつ	中立	N1
ちゅうりゃく	中间省略	N2
ちゅうりんじょう	自行车停车场	N2
ちょう	……町	N5
ちょうかく	听觉	N1
ちょうかん	晨报，早报	N3
ちょうき	长期	N2
ちょうきょり	长距离	N2
ちょうけし	抵消；一笔勾销	N1
ちょうこう	听讲，旁听	N1
ちょうこく	雕刻	N2
ちょうさ	调查	N3
ちょうし	状态；情况	N4
ちょうしゅう	听众	N1
ちょうしょ	长处，优点	N2
ちょうしょく	早餐	N3
ちょうじかん	长时间	N3
ちょうじょう	山顶；顶点	N2
ちょうせい	调整，调节	N2
ちょうせつ	调节，调整	N2
ちょうせん	挑战	N1
ちょうたつ	筹措，筹备	N1
ちょうだい	领受；得到；接受；吃；喝；享用	N1
ちょうちょう	镇长	N2
ちょうど	正好，恰好	N5
ちょうない	街区内；邻里；社区	N3
ちょうにん	城镇居民；商人	N1
ちょうふく	重复	N1
ちょうへん	长篇	N2
ちょうほう	方便的；有用的；顺手的；派得上用场；宝物	N1
ちょうほうけい	长方形	N2
ちょうみりょう	调料，佐料	N3
ちょうみん	镇上的居民	N2
ちょうり	烹饪，做菜	N2
ちょうるい	鸟类	N3
ちょうれん	操练；训练	N1
ちょうわ	协调，和谐	N1
ちょきん	存款，储蓄	N4
ちょくえい	直营	N1
ちょくげき	直击	N1
ちょくご	紧接着；之后	N3
ちょくし	直视；正视	N1
ちょくしん	直进	N1
ちょくせつ	直接的	N4
ちょくせん	直线	N1
ちょくぜん	紧接之前；正前方	N3
ちょくそう	直接输送	N1
ちょくめん	面对，直面	N1
ちょさく	著作，著书	N1
ちょしゃ	作者	N2
ちょしょ	著作	N1
ちょぞう	储藏，储存	N1
ちょちく	储存，积蓄	N1
ちょっか	正下方；垂直下落	N2
ちょっかん	直觉	N1
ちょっけい	直径	N2
ちょっけつ	直接相连	N2
ちょっと	一点；稍等	N5
ちょめい	著名的	N1
ちらかす	弄乱；散落	N2
ちらし	传单	N3
ちらちら	闪烁；不时地看	N2
ちらっと	瞥一眼；稍微	N1
ちらり	一瞥；略微	N1
ちり	地理；地形	N1
ちりばめる	镶嵌	N1
ちりょう	治疗，医疗	N2
ちる	飘落；散开；消失；解散	N2
ちん	陈（姓氏）	N5
ちんか	沉降，下沉	N1
ちんぎん	工资，薪水	N1
ちんたい	租赁，出租	N1
ちんもく	沉默	N1
ちんれつ	陈列，展览	N1
つい	不由得；顺手	N4
ついか	追加，添补	N2
ついきゅう	追究；追赶	N2
ついじゅう	追随，迎合	N1
ついたち	一号；初一	N5
ついている	走运；附着；附带；包含	N3
ついては	因而，因此	N3
ついでに	顺便，顺手	N3
ついに	终于（书面）；始终不	N3
ついほう	驱逐；放逐	N1
ついやす	花费；耗费	N2
ついらく	坠落，掉下	N1
つうか	通过；经过	N2
つうかん	深切感到	N1
つうがく	上下学	N3
つうきん	通勤	N3
つうこう	通行	N3
つうこうどめ	禁止通行	N1
つうしん	通信，通讯	N2
つうしんはんばい	邮购，函售	N2
つうじょう	通常，平常	N2
つうじる	通晓；理解、弄通；通过、经过	N1
つうせつ	痛切的	N1
つうち	通知，告知	N3
つうちょう	存折	N3
つうねん	普通的想法	N2
つうほう	通报；报警	N1
つうやく	口译	N3
つうよう	通用；有效	N2
つうれい	通常；惯例	N1
つうれつ	猛烈的	N1
つうろ	通道；过道	N2
つうわ	通话	N2
つかいかた	用法	N4
つかいこなす	熟练使用	N2
つかいこむ	用旧；挪用（公款）；超支	N1
つかいて	使用者；能手	N1
つかいはたす	用尽	N2
つかいみち	用法，用途	N1
つかいわける	区别使用	N2
つかう	使用；花费	N5
つかえる	服侍；任职	N1
つかさどる	掌管；负责	N1
つかまえる	抓住（逃犯、动物）；逮捕	N3
つかまる	（犯人、动物）被抓住；被捉住；抓住，拽住	N1
つかむ	抓住（用手）；掌握	N3
つかれ	疲劳，疲倦	N3
つかれる	感到累	N5
つき	月亮；月份	N5
つきあい	交际，交往	N3
つきあう	交往；陪同	N3
つきあたる	撞上；走到尽头；遇到困难或问题	N2
つきうごかす	驱使；推动	N2
つきさす	刺入（主动用力刺）；扎，刺；刺痛	N1
つきすすむ	勇往直前	N2
つきだす	伸出，探出；推出；扭送	N1
つきつめる	追究到底	N2
つきとめる	查明；追究到	N1
つきはなす	推开；冷漠拒绝	N1
つきもの	伴随物；必有之物	N2
つきる	（资源、话题）用尽；到头，穷尽	N2
つぎ	下一个；下一次	N5
つぎたす	续加；补充	N1
つぎつぎ	接连；一个接一个	N3
つぎに	接着，其次	N4
つく	附着；跟随	N5
つくえ	桌子，书桌	N5
つくす	尽力（全力、努力）；效力	N2
つくづく	深切地；充分地	N2
つくり	做法（制作方式、构造）；构造	N3
つくりあげる	完成；塑造	N2
つくりごえ	假嗓子；装出的声音	N2
つくりだす	创造；做出	N3
つくりなおす	重新制作	N3
つくる	制作；做	N5
つくろう	修补；修理；整理仪容；整饰衣着；掩饰；掩盖错误	N1
つぐ	倒入；注入	N2
つけくわえる	添加；补充	N2
つけこむ	乘机利用；钻空子	N1
つけもの	腌菜	N2
つける	装上（标签）；穿、写、涂、附；定价、打分	N5
つげる	告知；宣告	N1
つごう	方便；情况	N4
つたう	沿着；顺着	N3
つたえる	传达（消息、意见）；传授	N4
つたわる	（消息）传开；传播、闻名；传导、传入	N3
つち	土；泥土	N4
つちかう	培植；培养（能力）	N1
つっこむ	冲入；插入、深入；深究、追问	N1
つっぱしる	猛冲；飞跑；（向着某个目标）冲刺	N1
つっぱる	抽筋或绷紧；固执坚持；逞强；装腔作势；蛮横不服管	N1
つつみ	包裹，包装	N3
つつみこむ	包住	N1
つつむ	包裹；包围，笼罩	N4
つづき	续篇；后续	N3
つづく	持续；接连发生；接着，跟着	N4
つづける	继续做（学习、工作）	N4
つづる	拼写；编写	N1
つとまる	（工作、职位）胜任	N1
つとめ	工作，干活	N3
つとめて	尽量（尽力）；努力地	N2
つとめる	任职（公司、医院）	N3
つど	每次；每逢	N1
つどい	聚会，集会	N1
つどう	会聚（共同目的、群体）；人们正式聚集	N1
つながり	联系；关联	N2
つながる	连接；相连；接通；导致；带来（结果）	N2
つなぐ	连接（接上）；接上	N2
つなげる	接上；连起来	N2
つねに	时常，经常	N3
つの	角；鹿角；触角；角状突起	N1
つのる	募集；加剧	N1
つば	唾液，口水	N1
つばさ	翅膀；机翼	N2
つばめ	燕子	N1
つぶ	颗粒，圆粒	N1
つぶさに	详细地；仔细地	N1
つぶす	弄碎；败坏；消磨	N2
つぶやく	嘟囔；自言自语	N2
つぶる	闭上；装作没看见	N1
つぶれる	（纸箱、公司）压扁；倒闭	N2
つぼ	壶（穴位或要点）；穴位；要点	N1
つま	妻子	N5
つまずく	绊倒；受挫	N1
つまむ	捏；夹取	N1
つまらない	无聊的；没意思的	N5
つまり	也就是说	N3
つまる	（管道、喉咙）堵塞；塞满；窘迫	N3
つみ	罪；犯罪；过失；刑罚；判决；惩罚；责任；罪责	N1
つみかさなる	（箱子）层层积累；堆积；积累疲劳、努力	N2
つみかさねる	层层堆积（箱子、砖）；堆起，垒起；积累	N2
つみき	积木	N1
つみこむ	装入（把货物）；装载	N2
つみたてる	按期存（钱）；积累	N1
つみぶかい	罪孽深重的	N1
つむ	堆积（货物、行李）；装载；积累（经验）	N2
つむぐ	纺织；编织	N1
つめ	指甲；爪子	N1
つめこむ	塞进	N2
つめたい	冷的；冷淡的	N5
つめる	填满（箱子、袋子）；塞入、缩短	N3
つもり	意图，打算	N4
つもる	（雪、灰尘）堆积；累积；估算	N2
つゆ	梅雨季	N3
つよい	强的；厉害的	N5
つよび	大火	N2
つよまる	变强	N1
つよみ	长处，强项（竞争优势）	N2
つよめる	加强（语气、力度）	N2
つらい	难受的；辛苦的	N4
つらなる	连绵；排列	N1
つらぬく	贯穿；贯彻	N1
つり	钓鱼	N3
つりあう	平衡；相称	N2
つる	钓	N2
つれ	同伴，随从	N3
つれる	带着；领着	N3
づらい	难以……的	N2
て	手；方法	N5
てあつい	优厚的；周到的	N1
てあて	处理；津贴	N2
てあらい	洗手	N4
てぃーシャツ	T恤	N3
てい	低……	N3
ていあん	提案，提议	N2
ていいん	定员	N3
ていえん	庭园	N2
ていおん	低温	N2
ていか	定价	N2
ていがくねん	低年级	N1
ていき	固定期限；定期的；周期性的	N3
ていきあつ	低气压；低压系统；气旋；坏脾气；低落情绪；紧张局势	N2
ていきけん	月票；定期券	N3
ていきゅうび	固定休息日	N3
ていきょう	提供	N2
ていぎ	定义	N2
ていけい	提携，合作	N1
ていけつ	缔结；签订	N1
ていこう	抵抗；反抗	N2
ていし	中止，停止	N2
ていしゃ	停车	N3
ていしゅ	丈夫；主人	N1
ていしゅつ	提交，提出	N2
ていしょう	提倡	N1
ていしょく	套餐	N3
ていじ	出示	N2
ていせい	订正；改正	N2
ていせつ	定论	N1
ていたい	停滞，滞留	N1
ていちゃく	稳定，扎根	N2
ていでん	停电	N3
ていど	程度	N3
ていねい	礼貌的；细致的	N4
ていねん	退休年龄	N2
ていばん	经典款；固定模式	N1
ていひょう	定评，公认	N1
ていめい	低迷；不振	N1
ていりゅうじょ	车站；停靠站	N2
ていれ	保养；修整	N2
ていれい	定例；例行	N1
てうす	薄弱的；人手不足	N1
てがかり	线索（可依靠依据）；头绪	N1
てがき	手写，手抄	N2
てがける	亲手做	N1
てがみ	书信	N5
てがる	简便的	N2
てき	敌人；对手	N3
てきい	敌意	N1
てきおう	适合，适应	N2
てきかく	准确的	N2
てきごう	适合；符合	N1
てきしゅつ	摘除；抽出	N1
てきせい	适性；资质	N2
てきせつ	恰当的	N2
てきとう	适当的；随便的	N3
てきど	适度的	N2
てきにん	适任的	N1
てきはつ	揭发，检举	N1
てきぱき	利落地；麻利地	N1
てきよう	适用，应用	N1
てきりょう	适量	N1
てぎわ	手法；办事效率	N1
てこいれ	支援（针对停滞局）；干预	N1
てこずる	棘手；费周折	N1
てごたえ	反应；手感	N2
てごろ	合适的；适中的	N2
てさぐり	摸；摸索	N1
てじな	戏法，魔术	N2
てじゅん	步骤；顺序	N2
てすう	麻烦；费事；步数；拳数	N2
てすうりょう	手续费	N2
てだすけ	帮助；援手	N2
てだて	办法；手段	N1
てちがい	差错；疏漏	N2
てちょう	手账；记事本	N4
てぢか	身边的；容易得到	N2
てっかい	撤回，撤销	N1
てっきょ	撤除；拆走	N1
てっきり	原以为；想当然	N1
てっそく	铁的法则	N2
てったい	撤退，退出	N1
てってい	彻底；贯彻	N2
てっぱい	取消，撤销	N1
てっぺん	顶；顶峰；午夜十二点；头顶；头盔顶部	N1
てつ	铁	N3
てつかず	未动手的；原封不动	N1
てつがく	哲学	N2
てつだい	帮忙，帮工	N4
てつだう	帮忙	N4
てつづき	手续，程序	N2
てつどう	铁路，铁道	N3
てつや	通宵；熬夜	N2
てづくり	手工制作	N2
てなずける	驯服；拉拢	N1
てにもつ	随身行李	N1
てのひら	手掌	N1
てはい	安排；准备；警方搜查；搜寻	N1
てはじめ	开始，开端	N1
てばなす	放手；卖掉，转让；放下	N2
てばやい	麻利的	N2
てぶくろ	手套	N4
てぶり	手势	N2
てほん	范本；榜样	N2
てま	工夫；时间精力	N2
てまえ	面前；跟前	N2
てまどる	费事；耽搁	N1
てもち	手头持有；现款	N1
てもと	手头，身边	N2
てら	寺庙，寺院	N4
てらう	炫耀；矫饰	N1
てらす	照亮；对照	N2
てれくさい	害羞的（因被夸）；不好意思	N2
てわけ	分头，分工	N1
てわたす	亲手交给	N2
てん	点；分数	N4
てんい	转移，扩散	N1
てんいん	店员	N5
てんか	添加	N2
てんかい	展开；发展	N2
てんかん	转变，转换	N2
てんき	天气；晴天	N5
てんきよほう	天气预报	N3
てんきん	调职	N2
てんけい	典型	N2
てんけいてき	典型的	N2
てんけん	检点，检查	N2
てんこう	天气	N2
てんさい	天才	N1
てんざい	散在，散布	N1
てんしゅ	店主	N1
てんしょく	转职；换工作	N2
てんじ	展示，展出	N2
てんじじょう	展示场	N4
てんじょう	天花板	N3
てんじる	转变；转向	N2
てんすう	分数；得分	N3
てんたい	天体	N1
てんち	天地；宇宙；世界；自然；领域；上下	N1
てんちょう	店长	N3
てんてき	天敌	N1
てんてこまい	忙得团团转	N1
てんとう	店头；柜台	N1
てんにゅう	迁入；转入	N1
てんねん	天然的	N1
てんばい	转卖，倒卖	N1
てんぷ	附件；附加	N2
てんぷら	天妇罗	N4
てんぼう	展望；眺望	N1
てんぽ	店铺，商店	N1
てんめつ	闪烁	N1
てんもん	天文	N1
てんらん	展览	N3
てんらんかい	展览会	N3
で	那么；于是	N2
であい	相遇，偶遇	N2
であう	遇见	N2
でいり	出入；进出	N3
でいりぐち	出入口	N3
でかける	出门	N4
でかた	表现方式；出场方式	N1
できあがり	完成；成品	N1
できあがる	完成	N2
できごと	事情；发生的事；事件	N2
できたて	刚做好的	N2
できばえ	结果；效果；表现；成效；做工；完成度	N1
できる	会；能	N5
できるだけ	尽可能	N3
できれば	如果可以	N3
でくわす	偶遇	N1
でぐち	出口	N5
でこぼこ	凹凸不平的	N2
でし	弟子，徒弟	N2
でしゃばる	多管闲事；出头	N1
ですから	因此	N5
でたらめ	胡乱的（无根据胡说）；胡说	N2
では	那么；关于	N5
でばん	出场机会	N1
でまわる	上市；流通	N2
でむかえ	迎接	N2
でも	但是；即使	N5
でる	（人）出去；显出、出发；参加、接电话	N5
でんえん	田园	N1
でんき	电；电灯	N5
でんきゅう	电灯泡	N3
でんげん	电源；电源	N2
でんごん	口信；留言	N3
でんし	电子	N4
でんしじしょ	电子词典	N2
でんしゃ	电车	N5
でんしょう	传承；传说	N1
でんしレンジ	微波炉	N4
でんせつ	传说	N1
でんせん	电线，电缆	N1
でんたく	电子计算器	N3
でんたつ	传达，转达	N2
でんち	电池	N3
でんちゅう	电线杆	N1
でんとう	电灯	N3
でんどう	电动	N2
でんぱ	电波，信号	N2
でんぴょう	单据，票据	N2
でんりょく	电力	N2
でんわ	电话；打电话	N5
でんわばんごう	电话号码	N5
といあわせ	询问，打听	N3
といあわせる	询问（办事）	N2
といかける	询问（向对方提）；提问；开始问	N2
といつめる	追问	N1
とう	……岛	N3
とうあん	答案；试卷	N2
とういつ	统一	N2
とうえい	投影；反映	N1
とうかく	头角	N2
とうかん	投递；投稿	N2
とうがらし	辣椒	N3
とうき	陶器	N2
とうきゅう	投球	N1
とうきょう	东京	N5
とうぎょ	统御；控制	N1
とうけい	统计	N1
とうげい	陶瓷工艺	N1
とうごう	统一，合并	N1
とうさい	装载；搭载	N1
とうさん	倒闭，破产	N1
とうざ	眼下；暂时	N1
とうざい	东西；东与西	N2
とうし	投资	N1
とうしゃ	本公司	N2
とうしゅ	投手	N1
とうしゅう	继承，沿用	N1
とうしょ	当初，最初	N2
とうじ	当时	N2
とうじしゃ	当事人	N1
とうじつ	当日，当天	N3
とうじょう	登场；出现	N3
とうじる	投入；献身	N1
とうせい	统制，统管	N1
とうせん	当选；中彩	N1
とうぜん	当然的	N4
とうそう	逃跑，逃走	N1
とうたつ	达到，到达	N2
とうだい	灯塔	N2
とうちゃく	到达	N4
とうてい	无论如何也	N2
とうてん	本店	N1
とうとい	宝贵的；尊贵的	N2
とうとう	终究；到底（结果发生了）	N3
とうなん	失窃，被盗	N2
とうにゅう	投入	N1
とうにん	本人；当事人	N1
とうばん	值班；轮班	N1
とうひ	躲避，逃避	N1
とうひょう	投票	N2
とうふ	豆腐	N2
とうぶん	糖分，甜味	N1
とうぼう	逃亡，逃匿	N2
とうめい	透明的	N2
とうめん	当前；面临	N1
とうろく	登记，注册	N2
とうろん	讨论	N2
とうわく	为难，困惑	N2
とお	十（数量）；十个；十岁	N5
とおい	远的	N5
とおか	十号；十天	N5
とおく	远处，远方	N5
とおざかる	（人、声音）远离；疏远	N2
とおざける	使远离；疏远	N1
とおす	让…通过（人、光线）；穿过；领进	N4
とおまわり	绕远；绕道	N2
とおめ	远处看；远视	N1
とおり	街道；照……样	N4
とおりかかる	路过	N3
とおりすぎる	走过	N3
とおる	（人）通过；走过、穿过；合格	N4
とかい	城市；都市	N3
とかく	总是；动辄	N1
とかす	溶化（冰、巧克力）；熔化	N2
とがる	变尖；尖锐	N2
とき	时候；时间	N5
ときおり	有时；偶尔	N1
ときどき	有时，偶尔	N5
ときはなつ	释放；解放	N1
ときめき	心跳	N1
ときょうそう	赛跑	N2
とぎれる	中断	N1
とく	解开（绳子、题）；解答	N3
とくい	擅长的	N4
とくぎ	拿手的技术	N3
とくさく	好办法；上策	N1
とくさん	特产	N1
とくしゅ	特殊的	N2
とくしゅう	专刊，专集	N1
とくしょく	特色，特长	N2
とくせい	特性，特点	N2
とくせつ	特设	N1
とくそく	督促，催促	N1
とくちょう	特征，特色	N3
とくてい	特定；指定	N2
とくてん	特典；优惠	N1
とくに	特别	N4
とくばい	特价销售	N2
とくべつ	特别的	N4
とくめい	匿名	N1
とくゆう	特有的	N1
とぐ	磨快；磨炼	N1
とけい	钟，表	N5
とけこむ	融入；融洽；融化，溶解	N2
とける	（绳子、题）解开；松了；（情绪）缓解	N3
とげる	完成；得到某种（非预期的）结果	N1
とことん	最后，到底	N1
ところ	场所，地方	N5
ところが	然而，可是	N3
ところで	顺便说；话说	N3
とざす	关闭（门、道路）；锁上、闭上；封锁、封闭	N1
とざん	爬山	N3
とし	年；年龄	N5
としうえ	年长	N2
としした	年纪较小	N2
としつき	岁月；经历年月	N2
としょ	图书，书籍	N3
としょかん	图书馆	N5
としょしつ	图书室	N3
としより	老人	N3
としん	市中心	N2
とじこめる	关进	N1
とじょう	途中，中途	N2
とじる	（书、店）合上；结束	N4
とたん	刚一；瞬间	N2
とち	土地；当地	N3
とちゅう	途中，路上	N4
とっか	特化	N1
とっき	突起，隆起	N2
とっきゅう	特快列车	N4
とっきょ	专利	N1
とっくに	很早，早就	N2
とっけん	特权	N1
とっこうやく	特效药	N2
とっさ	瞬间，猛然	N1
とっしゅつ	突出	N1
とって	把手	N3
とっぱ	突破；超过	N1
とっぴょうしもない	异想天开的	N2
とつぜん	突然	N3
とつにゅう	冲进，闯进	N1
とても	很，非常	N5
ととのう	（房间、条件）整齐	N2
ととのえる	整理；准备好；达成（协议）	N2
とどく	送达；收到；够得着	N4
とどけ	申报；通知	N3
とどけさき	收货地址；送达地	N2
とどけでる	申报；提出申请	N2
とどける	送到（文件、物品）；申报	N4
とどこおる	停滞；拖延	N1
とどまる	停留；止于	N1
とどめる	制止；保留	N2
となえる	念诵；吟诵；呼喊；大声喊；提倡；主张	N1
となり	旁边；邻居	N5
とにかく	总之，反正	N3
との	老爷，大人	N1
とばす	放飞（鸟、气球）；飞溅、疾驶；跳过	N3
とびあがる	跳起来；飞向天空；跳级	N2
とびおりる	跳下；跳车	N1
とびかう	飞来飞去（强调）	N1
とびこむ	跳入；冲进	N2
とびたつ	起飞；飞离	N2
とびだす	冲出；飞奔而出	N3
とびちる	飞散	N2
とびつく	扑上去；急切接受	N2
とびでる	飞出；突然出现	N2
とびのる	跳上；跳乘	N1
とびまわる	飞来飞去；奔走	N2
とびら	门；扉页	N2
とぶ	（鸟、帽子）飞；吹起	N5
とほ	徒步，步行	N2
とほうもない	惊人的；离谱的	N2
とぼしい	缺乏的；贫乏的	N2
とまどい	困惑；不知所措	N1
とまどう	困惑；不知所措	N1
とまる	（车、机器）停下	N5
とみ	财富	N1
とむ	富有；富于	N1
とめ	停止；刹车	N3
とめる	使停下；制止	N4
とも	一起；共同；同样；双方都；全都；都不	N3
ともあれ	不管怎样；总之	N1
ともかく	总之；暂且不论	N2
ともすると	动不动就；往往	N1
ともすれば	往往；动辄	N1
ともだち	朋友	N5
ともなう	伴随；带来	N2
ともに	共同；一起；同时；连同；双方都	N2
ともばたらき	夫妻都工作	N2
とやかく	说三道四	N2
とら	老虎	N2
とらえる	捕获；准确把握	N2
とらわれる	（犯人、俘虏）被捕；被逮捕；受束缚	N2
とり	鸟；鸡	N5
とりあう	互相争抢；理睬	N2
とりあえず	暂且；先	N2
とりあげる	拿起；提起	N3
とりあつかい	处理；使用方法	N2
とりあつかう	处理；对待	N2
とりいれる	收进；采用；吸收；收割	N2
とりかえす	夺回；挽回	N2
とりかえる	更换；互换	N3
とりかかる	着手；开始做	N2
とりかこむ	包围	N3
とりかわす	交换；签订	N1
とりきめ	约定；规定	N1
とりきめる	决定；约定	N1
とりくみ	举措；努力	N2
とりくむ	致力于；认真应对	N2
とりけす	取消；撤销	N3
とりこむ	收进；吸收	N3
とりこわす	拆毁	N2
とりしまり	监管；取缔	N1
とりしまる	监管；取缔	N1
とりたてて	特别（用于否定并）；格外	N1
とりたてる	征收债务；催收；提拔；特别强调；着重介绍	N1
とりだす	取出	N3
とりつぐ	转达；通报来客或电话；代为接待；充当中介；代办货物	N1
とりつける	安装；装配；取得同意；争取到；常去某家店购买	N3
とりのこす	留下；使落后	N1
とりのぞく	去除；排除	N2
とりはらう	拆除；消除	N2
とりひき	交易；往来	N1
とりまく	围绕	N2
とりむすぶ	缔结；调停；讨好；巴结	N1
とりもどす	取回；恢复	N2
とりやめる	取消；停止	N1
とりよせる	订购；调来	N2
とりわけ	特别，格外	N2
とる	拿取（物品、资料）；获得	N5
とれる	（标签、污渍）脱落；消除、理解；收获	N4
とろみ	黏稠度	N1
とんでもない	异想天开的；意想不到的；荒谬的；不得了的；绝对不；没什么	N2
とんとん	轻敲声；顺利进行；势均力敌；收支相抵	N3
とんカツ	炸猪排	N1
ど	次；度	N4
どあい	程度	N1
どう	怎么样	N5
どうい	同意；赞成	N2
どういう	什么样的	N5
どういたしまして	不客气	N5
どういつ	同一的；相同的	N2
どうか	请（正式）；务必	N5
どうが	视频；动画	N2
どうき	动机	N2
どうきゅうせい	同班同学	N3
どうきょ	同住；共存	N2
どうきょう	同乡，老乡	N2
どうぎ	同义	N1
どうぐ	工具	N4
どうこう	陪同；一同前往；同行；同一银行；该银行	N1
どうさ	动作	N3
どうし	彼此；同类之间	N2
どうしつ	同质的	N1
どうして	为什么	N5
どうしても	无论如何	N3
どうじ	同时	N3
どうじつ	同日；当天	N2
どうじょう	同情	N2
どうじる	动摇	N1
どうせ	终归，反正	N3
どうせき	同席，在座	N3
どうぜん	同样；几乎一样	N1
どうそうかい	同学会	N1
どうぞ	请	N5
どうたい	躯干；机身	N1
どうちょう	同步；赞同	N1
どうてい	路程；过程	N2
どうてき	动态的	N3
どうとう	同等的	N2
どうとく	道德	N2
どうどう	堂堂正正地	N1
どうにか	设法；总算	N2
どうにも	怎么也；无论如何	N2
どうにゅう	导入，引进	N2
どうはん	同伴；陪同	N1
どうふう	附在信封内	N2
どうぶつ	动物	N5
どうぶつえん	动物园	N4
どうも	谢谢；总觉得	N5
どうやって	怎么（做）	N5
どうやら	似乎；总算	N2
どうよう	同样的	N3
どうり	道理	N1
どうりで	难怪；怪不得	N2
どうりょう	同僚，同事	N2
どうるい	同类；同伙	N1
どうれつ	同列；同等	N1
どうろ	道路	N3
どうわ	童话	N1
どがいし	置之度外	N1
どき	土器，陶器	N1
どきどき	心怦怦跳	N3
どきょう	胆量，胆子	N1
どく	毒	N3
どくがく	自学	N1
どくしゃ	读者	N2
どくしょ	看书，读书	N3
どくしん	独身	N3
どくじ	独自的；独特的	N1
どくせん	独占；垄断	N2
どくそう	独创	N1
どくとく	独特的	N2
どくりつ	独立	N2
どくりょう	读完	N1
どける	挪开；让开	N1
どこ	哪里	N5
どこか	某处；不知为何；总觉得有点	N5
どこまでも	无论到哪里；到底	N2
どころか	岂止；反而	N2
どしゃ	砂土	N1
どじ	冒失的；笨拙的	N1
どじょう	土壤；滋生地；有利环境	N1
どだい	基础；根基	N2
どちゃく	定居	N1
どちら	哪个；哪边	N5
どっかい	阅读理解	N2
どっさり	大量地	N1
どっち	哪个；哪边	N5
どっと	一下子；哗地	N3
どっぷり	深深地；完全沉浸	N2
どなた	谁，哪位	N5
どなる	大声吼叫	N3
どの	哪一个	N5
どのぐらい	多久；多少	N5
どのよう	怎样的	N3
どひょう	相扑台；舞台	N2
どようび	周六	N5
どりょく	努力	N4
どれ	哪一个	N5
どれぐらい	多久；多少	N5
どれだけ	多少；多么	N3
どれほど	多么（程度）；多少	N2
どろどろ	泥泞的；黏稠的	N2
どろぼう	小偷	N2
どんかん	迟钝的	N2
どんぞこ	谷底；最低点	N1
どんどん	不断地；迅速地	N4
どんな	什么样的	N5
どんぶり	大碗；盖饭	N2
どんよく	贪婪的	N1
どんより	阴沉沉地	N1
な	名字；名声	N4
ない	没有；不存在	N5
ないか	内科	N3
ないがい	内外；国内外；大约	N1
ないがしろ	被忽视的	N1
ないざい	内在，固有	N1
ないしょ	秘密	N3
ないしん	内心；暗自	N1
ないじつ	内情；实情；实际上；事实上	N1
ないせい	内省；反省	N1
ないせん	内线	N2
ないそう	室内装潢	N1
ないぞう	内置	N2
ないてき	内在的	N1
ないぶ	内部	N2
ないめん	内面；内心	N1
ないよう	内容	N4
ないりく	内陆	N1
なえ	幼苗；秧苗	N2
なお	另外；仍然	N3
なおさら	更加，越发	N1
なおす	修理（钟、机器）；修改，改正；重新做	N4
なおる	（机器、错误）修好；改正	N4
なか	里面；内部	N5
なかでも	尤其；其中	N3
なかなおり	和好	N3
なかなか	相当；不容易	N4
なかには	其中；有的	N3
なかば	一半；中途	N2
なかま	同伴；伙伴	N4
なかまいり	加入伙伴；入伙	N1
なかみ	内容；里面	N3
なかゆび	中指	N3
なかよく	和睦，亲密	N3
なが	长……	N1
ながい	长的	N5
ながいき	长寿	N1
ながぐつ	长筒靴	N1
ながしこむ	灌入	N1
ながしめ	斜眼看；媚眼	N1
ながす	冲走；使流走；传播	N4
ながつづき	持久；长久维持	N1
ながねぎ	葱，大葱	N1
ながねん	多年	N2
ながばなし	长谈，久谈	N1
ながびく	拖长；延续	N2
ながめ	景色（观看到的景）；眺望	N3
ながめる	眺望	N3
ながもち	耐用；持久	N1
ながら	一边……一边；虽然	N5
ながれ	流动；流程	N3
ながれこむ	流入	N1
ながれつく	漂流到达	N2
ながれぼし	流星	N1
ながれる	（水、消息）流动；传开；流逝	N4
なきごえ	叫声；鸣声	N2
なく	哭	N4
なくす	弄丢；失去，丧失；消灭，消除	N3
なくなる	（食物、钱）不再存在；用尽	N4
なぐさめる	安慰	N3
なぐる	殴打	N3
なげかける	投向；搭上、披上；提出、倚靠	N1
なげく	叹息；哀叹	N2
なげすてる	扔掉；（把做了一半的工作等）丢在一边	N3
なげだす	扔出；扔，抛出；中途放弃	N1
なげる	投；提出；放弃	N4
なごむ	变温和	N1
なごやか	和谐的；温和的	N2
なさけない	可悲的；不像样的	N3
なさる	做（尊敬语）	N4
なし	梨树，梨	N2
なしとげる	完成	N2
なじみ	熟悉，熟人	N1
なじむ	适应；融洽	N2
なす	做成；完成	N1
なぜ	为什么	N5
なぜか	不知为何	N3
なぜなら	因为；理由是	N3
なぜならば	因为；理由是	N2
なぞ	谜；谜团	N3
なぞらえる	比作；仿照	N2
なぞる	描摹；追随	N2
なだめる	安抚；劝解	N1
なだらか	平缓的；平稳的	N2
なっとう	纳豆	N5
なっとく	理解，同意	N3
なつ	夏天，夏季	N5
なつかしい	怀念的	N3
なつかしむ	怀念	N1
なつく	亲近；驯服	N1
なつやすみ	暑假	N5
なづける	命名	N2
なでる	抚摸	N3
など	等等	N5
なな	七	N5
なないろ	七色；多彩	N1
ななつ	七个；七岁	N5
ななめ	斜的	N3
なに	什么（完整）	N5
なにか	某物；什么	N5
なにかしら	不知什么；某种	N1
なにかと	总是；动不动	N3
なにげない	随意的；若无其事的；漫不经心的；普通的；日常的	N1
なにごと	什么事；任何事	N2
なにしろ	毕竟；无论如何	N2
なにとぞ	请，务必	N1
なにも	什么也不（否定）	N5
なにもかも	一切；什么都	N2
なにもの	什么东西；何物	N1
なにより	比什么都；首先	N2
なのか	七号；七天	N5
なふだ	名牌	N3
なべ	锅	N3
なま	生；直接	N3
なまいき	自大的；狂妄的	N1
なまえ	名字	N5
なまける	偷懒（懒散）	N1
なまなましい	鲜活的；逼真的	N1
なまはんか	半吊子的；不彻底的	N1
なまみ	肉身；活人	N1
なまもの	生鲜食品	N1
なまビール	生啤	N4
なみ	波浪	N3
なみかぜ	风波；纠纷	N2
なみき	林荫树；行道树	N2
なみだ	眼泪	N4
なみなみならぬ	非比寻常	N1
なめらか	光滑的；流畅的	N2
なめる	舔	N3
なやましい	令人烦恼的；迷人的	N1
なやます	使烦恼	N2
なやみ	烦恼，苦恼	N2
なやむ	（人、病人）烦恼；（因疾病）感到痛苦	N3
ならいごと	学习项目；才艺课	N1
ならう	向别人学习	N5
ならす	使响	N3
ならでは	只有～才有	N1
ならぶ	（人、商品）排成一列	N5
ならべたてる	列举；摆出	N2
ならべる	排列（书、商品）	N5
なりたち	形成过程；由来；结构；构成	N1
なりたつ	成立；谈妥；构成	N2
なりふり	服装，仪容（外表装束、仪态）	N2
なりゆき	趋势，推移	N1
なる	变成；成为	N4
なるべく	尽量	N3
なるほど	原来如此	N3
なれ	习惯；适应	N3
なれなれしい	过分亲昵的	N1
なれる	（人）习惯；熟悉、熟练；动物亲近人类	N4
なん	什么（连读）	N5
なんか	之类，等	N3
なんかい	几回	N5
なんかん	难关	N1
なんきょく	南极	N2
なんこう	进展困难	N1
なんさい	几岁	N5
なんじゃく	软弱的；脆弱的	N2
なんたいどうぶつ	软体动物	N1
なんだか	总觉得；不知为何	N2
なんてん	难点；缺点	N1
なんで	为什么（口语）	N5
なんでも	什么都；无论什么	N4
なんと	多么；竟然	N3
なんとか	想办法；设法	N3
なんとなく	不知怎的；总觉得	N2
なんとも	无论如何；难以形容地	N1
なんど	几次	N5
なんにち	几号；几天	N5
なんにも	什么也不	N1
なんにん	几个人	N5
なんねん	哪一年；几年	N5
なんら	任何；丝毫	N2
なんらか	稍微，一些（某种某些）	N2
に	二	N5
にあう	相称	N4
におい	气味	N4
にかよう	相似	N1
にがい	苦的	N4
にがす	放跑（犯人、鱼）；错过	N3
にがつ	二月	N5
にがて	不擅长的；弱项	N3
にがわらい	苦笑	N1
にぎやか	热闹的	N5
にぎる	握；掌握	N4
にぎわう	人多热闹；繁荣；兴旺；生意兴隆	N1
にく	肉，肉类	N5
にくい	可恨的（憎恨）；讨厌的	N2
にくがん	肉眼	N1
にくしみ	憎恶，憎恨	N2
にくしょく	肉食；吃肉	N1
にくじゃが	土豆炖肉	N3
にくたい	肉体	N1
にくむ	憎恨	N2
にくらしい	可恨的；令人讨厌	N3
にげごし	退缩；想逃的姿态	N1
にげる	（人、动物）逃跑；逃避	N4
にこにこ	笑眯眯	N4
にごる	变浑浊；含糊	N2
にさんかたんそ	二氧化碳	N2
にし	西方	N5
にしゃたくいつ	二选一	N1
にじ	彩虹	N2
にじみでる	渗出；流露	N2
にじむ	渗出（渗开）；模糊	N1
にじゅう	二十	N5
にせ	假；伪造物	N1
にせもの	假货；冒牌货	N1
にせる	仿造（真品、声音）	N2
にたりよったり	大同小异的	N1
にち	日；天	N5
にちじ	日期和时间	N3
にちじょう	日常，平时	N3
にちじょうかいわ	日常会话	N3
にちや	日日夜夜	N3
にちようひん	日常用品	N2
にちようび	周日	N5
にっか	日常功课	N2
にっき	日记	N4
にっこう	阳光	N2
にっこり	微笑；莞尔	N2
にってい	日程	N3
につめる	煮浓；问题接近解决；讨论计划成熟	N1
にづくり	打包	N1
にどと	再也不	N2
にないて	承担者；主力	N1
になう	承担；担任	N1
にのつぎ	次要；放在其次	N1
にぶい	迟钝的；不锋利	N2
にぶる	变钝；迟钝	N1
にほん	日本	N5
にほんご	日语	N5
にほんしゅ	日本酒	N4
にほんじん	日本人	N5
にほんりょうり	日本料理	N4
にもかかわらず	尽管如此	N2
にもつ	行李，货物	N5
にもの	炖菜	N3
にゅういん	住院	N4
にゅうか	进货，到货	N1
にゅうかい	入会	N2
にゅうがく	入学	N4
にゅうがくしけん	入学考试	N1
にゅうきょ	住进，搬进	N2
にゅうきん	入账；存款	N2
にゅうし	入学考试	N3
にゅうしゃ	入职；进公司	N3
にゅうしゅ	得到，到手	N2
にゅうしょう	获奖	N2
にゅうじ	婴儿	N2
にゅうじょう	入场	N2
にゅうじょうりょう	入场费	N2
にゅうせいひん	乳制品	N2
にゅうねん	细致的；周密的	N1
にゅうもん	入门；拜师	N3
にゅうようじ	婴幼儿	N1
にゅうよく	沐浴	N1
にゅうりょく	输入	N3
にょうぼう	妻子；老婆	N1
にょじつ	如实；明显地	N1
にらむ	瞪；盯着看	N2
にる	（两人、事物）相像	N4
にわ	庭院，院子	N5
にわき	庭园的树木	N1
にわさき	庭前	N1
にわとり	鸡	N2
にんき	人气；受欢迎	N4
にんぎょう	玩偶，人偶	N3
にんげん	人，人类	N4
にんげんかんけい	人际关系	N3
にんげんせい	人性	N1
にんげんドック	综合体检	N1
にんしき	认识，了解	N2
にんしょう	认证；鉴定	N1
にんしん	怀孕，妊娠	N1
にんじん	胡萝卜	N4
にんずう	人数	N3
にんたい	忍耐	N1
にんち	认知；承认	N1
にんてい	认定，认可	N1
にんむ	任务，职责	N1
ぬいぐるみ	毛绒玩具	N2
ぬかよろこび	空欢喜	N1
ぬきうち	突击；突然进行	N1
ぬきだす	抽出；选出，选拔	N1
ぬきんでる	出类拔萃	N1
ぬく	拔出（钉子、刀）；放掉、排除；省略、超过	N2
ぬぐ	脱下	N5
ぬけおちる	脱落（掉落遗漏）；（头发、羽毛等）掉落；欠缺	N2
ぬける	（头发、牙齿）脱落；漏掉	N3
ぬし	主人；主角	N2
ぬすみ	偷盗，盗窃	N1
ぬすむ	偷盗	N4
ぬの	布料；布	N2
ぬのじ	布料，衣料	N1
ぬらす	弄湿	N2
ぬりかえる	重新涂	N1
ぬる	涂抹	N3
ぬるい	温的；不冷不热	N5
ぬるぬる	黏滑；油滑；流畅	N1
ぬるまゆ	温水；安逸环境	N2
ぬれる	变湿	N4
ね	根；根部	N3
ねあがり	价格上涨	N2
ねあげ	提价，涨价	N2
ねいろ	音色	N1
ねうち	价值（程度）；意义	N1
ねえ	喂；对吧	N5
ねかせる	使躺下；哄睡；放平	N1
ねがいごと	愿望；心愿	N1
ねがう	祈求；希望	N3
ねぎ	葱	N2
ねぐるしい	难以入睡的	N2
ねこ	猫	N5
ねこそぎ	连根拔起；根除；全部；彻底	N1
ねころがる	躺下	N2
ねさげ	减价，降价	N1
ねざす	扎根（以某事为）；生根；起因，由来	N1
ねじ	螺丝	N2
ねずみ	老鼠	N2
ねた	话题材料；内幕	N1
ねだる	央求；撒娇要	N1
ねだん	价格	N4
ねっけつ	热血；热情	N2
ねっこ	根；树桩；问题的根源；根基；基础；起源；来源	N2
ねっしん	热心的	N4
ねっする	加热；变热	N2
ねったい	热带	N2
ねっちゅう	热衷；专心	N2
ねっとう	热水；开水	N1
ねつ	热度；发烧	N4
ねつい	热情，干劲	N1
ねつりょう	热量；卡路里	N1
ねつれつ	热烈的	N1
ねづく	扎根（习惯文化）	N2
ねづよい	根深蒂固的	N2
ねどこ	睡铺，被窝	N1
ねばねば	黏糊糊的；黏性；黏糊糊地	N1
ねばり	黏性；毅力	N1
ねばりづよい	坚韧的；有毅力	N1
ねばる	坚持；黏住	N1
ねびき	降价，打折	N2
ねふだ	价签	N2
ねぶそく	睡眠不足的	N2
ねぼう	睡懒觉	N4
ねむい	困的	N4
ねむけ	睡意，困倦	N2
ねむり	睡觉，睡眠	N3
ねむる	睡觉	N4
ねもと	根部；根源	N2
ねらい	目标；意图	N2
ねらう	瞄准；企图	N2
ねりあげる	推敲完成；搅拌好；精炼，推敲	N1
ねりなおす	重新推敲；再揉和；重新思考，推敲	N1
ねる	睡觉；躺下	N5
ねん	念头；注意	N2
ねんいり	周到的	N1
ねんかん	一年间	N3
ねんがじょう	贺年卡	N1
ねんがん	愿望，夙愿	N1
ねんきん	养老金	N2
ねんげつ	年月（书面）	N2
ねんしゅつ	筹措；想出	N1
ねんじる	祈愿；念诵	N1
ねんせい	……年级生	N4
ねんだい	年代；时代	N2
ねんちょう	年长	N1
ねんとう	心上；考虑中	N2
ねんど	年度	N2
ねんない	年内	N2
ねんねん	每年，逐年	N2
ねんのため	保险起见	N1
ねんぱい	年长；年纪	N1
ねんぽう	年薪	N1
ねんまく	黏膜	N1
ねんまつ	年末，年终	N2
ねんりょう	燃料	N2
ねんれい	年龄	N3
のう	脑；头脑	N2
のうえん	农场	N2
のうか	农家，农户	N2
のうき	交货期	N1
のうぎょう	农业	N3
のうこう	浓厚的；很可能	N2
のうさぎょう	农活	N2
のうさくぶつ	农作物	N2
のうさんぶつ	农产品	N2
のうじょう	农场	N1
のうそん	农村	N1
のうたん	浓淡，深浅	N1
のうど	浓度	N1
のうどう	主动，能动	N2
のうにゅう	缴纳；上缴；供货；交货	N1
のうひん	交货	N2
のうふ	农民，农夫	N1
のうみつ	浓密的	N1
のうみん	农民	N1
のうやく	农药	N2
のうり	脑海；心中	N1
のうりつ	效率	N2
のうりょく	能力	N2
のうりん	农林	N1
のがす	放走；错过；错过（接在动词后）	N2
のがれる	（人、动物）逃脱；逃避	N2
のきさき	檐头，房前	N1
のきした	屋檐下	N1
のけもの	被排斥者	N1
のこぎり	锯	N1
のこす	留下（饭菜、记录）；遗留	N4
のこらず	一个不剩	N2
のこり	剩余，残余	N4
のこる	（物品、问题）留下	N4
のせる	放上（盘子、桌面）；刊载	N3
のぞく	除去；排除	N2
のぞましい	理想的；可取的	N2
のぞみ	希望；愿望	N2
のぞむ	眺望；希望	N2
のち	之后；后来；未来；死后；后世	N1
のちのち	将来	N1
のちほど	随后	N2
のっとる	遵循；依照	N1
のど	喉咙，嗓子	N3
のどか	恬静的；平静的；安宁的；天气温和宜人的	N1
のはら	原野，野地	N2
のばす	延长（期限、距离）；拖延（时间）	N3
のびなやむ	增长乏力	N2
のびのび	一再拖延的	N1
のびやか	舒展的；自由的	N1
のびる	（身高、头发）伸长；发展；（能力）增强	N3
のべる	陈述；说明	N2
のほうず	放纵的；无拘束的	N1
のぼり	攀登，登上	N3
のぼる	登上	N4
のみこみ	接受，领会	N2
のみもの	饮料	N5
のむ	喝；服用；抽（烟）	N5
のり	胶水；海苔	N3
のりあげる	搁浅；冲上	N1
のりおり	上下车	N2
のりかえ	换乘	N3
のりかえる	换乘	N4
のりき	有兴趣的；积极的	N1
のりきる	挺过去（难关）；乘…越过	N1
のりこえる	克服；越过；超越	N2
のりこむ	进入；乘上	N1
のりごこち	乘坐感受	N1
のりだす	着手；探出身子	N1
のりつぐ	转乘（衔接下一程）	N2
のりもの	交通工具	N3
のる	（人）乘坐；登上	N5
のろのろ	动作缓慢	N2
のんびり	悠闲自在	N2
は	牙，牙齿	N5
はあ	啊；哈	N3
はあく	掌握；了解	N2
はい	是的，对的	N5
はいき	废弃，废除	N1
はいきぶつ	废弃物	N1
はいきゅう	配给；供给	N1
はいぎょう	歇业；停业	N1
はいく	俳句	N1
はいぐうしゃ	配偶	N1
はいけい	敬启者	N2
はいけん	拜见，拜读	N3
はいご	背后；幕后	N1
はいざら	烟灰缸	N5
はいし	废止，废除	N2
はいしゃ	牙医	N4
はいしゃく	借用；借来	N1
はいしゅつ	辈出；培养出	N1
はいしん	发布；推送	N1
はいじょ	排除，除掉	N1
はいすい	排水	N1
はいせき	排斥	N1
はいそう	配送，分发	N2
はいぞく	分配，配属	N1
はいたい	败退；淘汰	N1
はいたつ	配送，投递	N3
はいち	配置；布置	N1
はいはい	是是；敷衍回应	N1
はいふ	广泛分发；散发给多人	N2
はいぶん	分配	N1
はいぼく	败北	N1
はいやく	角色分配	N2
はいゆう	演员	N2
はいらん	排卵	N1
はいりこむ	深入；进入内部	N2
はいりょ	考虑；关照	N2
はいる	（人、客人）进入；含有；加入	N5
はいれつ	排列	N1
はう	爬行	N3
はえる	（草、牙齿）生长	N3
はかい	破坏	N2
はかせ	博士；专家	N1
はかどる	进展顺利	N1
はかない	短暂的；虚幻的	N1
はかる	测量	N3
はがき	明信片	N5
はがす	剥下	N1
はがれる	脱落	N1
はきけ	恶心；呕吐感	N2
はきだす	吐出；倾吐	N2
はきはき	爽快地；利落地	N2
はきゅう	波及	N1
はぎしり	磨牙；懊恼	N1
はく	穿鞋；穿裤子	N4
はくい	白衣；白袍；医生等穿的白大褂；俗人	N2
はくがく	博学的	N1
はくさい	白菜	N3
はくし	白纸；空白状态	N1
はくしゃをかける	加速；推动	N1
はくしゅ	拍手，鼓掌	N2
はくしょ	白皮书	N1
はくしょく	白色	N1
はくする	博得；赢得	N1
はくちょう	天鹅	N2
はくねつ	白热；白炽；白光；激烈；达到高潮	N1
はくぶつかん	博物馆	N3
はくりょく	气势；感染力	N1
はぐくむ	培育；孵蛋；养育	N1
はぐるま	齿轮；组织中的一环	N2
はけぐち	出口（液体）；宣泄口	N1
はけん	派遣	N1
はげしい	激烈的；猛烈的	N2
はげます	鼓励（朋友、学生）	N1
はげみ	鼓励；动力	N1
はげむ	（人、学生）勤奋	N1
はこ	箱子，匣子	N5
はこび	搬运；进展	N3
はこぶ	搬运；运送	N4
はさまる	（纸、手指）夹住；夹在双方中间	N2
はさみ	剪刀	N3
はさむ	夹（面包、书页）；插嘴；隔	N2
はし	筷子	N5
はしゃぐ	欢闹；兴奋	N1
はしら	柱子；支柱	N2
はしりまわる	跑来跑去；到处跑；（忙得）四处奔走	N3
はしる	跑；行驶	N5
はしわたし	桥梁（中介）；中介	N1
はじ	耻辱，羞耻	N2
はじく	弹开；弹拨；排斥；用算盘计算	N1
はじける	爆裂；迸发	N1
はじまり	开始，起源	N2
はじまる	（课程、会议）开始	N5
はじめ	初次，当初	N5
はじめて	第一次	N5
はじめまして	初次见面	N5
はじめる	开始做（学习、工作）；开创；开始……	N5
はじらう	害羞	N1
はず	应该；理应	N3
はずかしい	害羞的	N4
はずす	取下（眼镜、纽扣）；偏离；除名	N4
はずむ	弹起；跳，弹；起劲，激动	N1
はずれ	偏离；落空	N2
はずれる	（纽扣、预测）脱落；偏离；落空	N2
はせい	派生，衍生	N1
はせる	驱驰；想起	N1
はそん	破损，损坏	N1
はた	旗帜	N2
はたけ	田地	N3
はたして	究竟；果然	N2
はたす	完成（目标、责任）；光，尽	N2
はたち	二十岁	N3
はたらかす	发挥；运用	N1
はたらき	作用；工作	N3
はたらきて	劳动力；工作者	N2
はたらきもの	勤劳的人	N1
はたらく	工作	N5
はたん	破裂；失败	N1
はだ	皮肤；表皮	N4
はだあい	肤感；气质合拍	N2
はだか	裸体；裸露；光秃；无遮盖；身无分文	N1
はだざわり	触感（专指）；手感	N1
はち	八	N5
はちうえ	盆栽	N2
はちがつ	八月	N5
はちみつ	蜂蜜	N2
はちゅうるい	爬行动物	N1
はっかく	暴露；被发现	N1
はっき	发挥，施展	N2
はっきり	清楚地；明确地	N4
はっくつ	发掘；挖掘	N1
はっけん	发现	N4
はっこう	发行；印发	N2
はっさん	发散；散发；辐射；扩散；释放情绪；发泄；光线发散	N2
はっしゃ	发车，开车	N2
はっしょう	发病	N1
はっしん	发送；传递；提交；发布信息；表达或传达想法	N1
はっせい	发生；出现	N3
はっそう	构想；想法	N2
はったつ	发展；发育	N2
はっちゃく	出发和到达	N1
はっちゅう	订购	N1
はってん	发展	N3
はっと	猛然；吃惊地	N1
はっぱ	叶子	N4
はっぴょう	发表，公布	N3
はっぴょうかい	发表会	N4
はつ	发（出发点、车次）	N4
はついく	发育，成长	N1
はつおん	发音	N3
はつか	二十号；二十天	N5
はつが	发芽	N2
はつげん	发言	N3
はつこい	初恋	N1
はつでん	发电	N2
はつどう	启动；发动	N1
はつばい	卖，发售	N3
はつびょう	发病，得病	N1
はつめい	发明	N2
はつもうで	初诣	N3
はつわ	发话；说话	N1
はて	尽头；结果	N1
はてる	（时间、生命）结束；终，完毕；死	N1
はで	花哨的	N3
はどめ	车闸；煞住	N1
はな	花	N5
はなし	话；故事	N5
はなしあい	商量，协商	N3
はなしあう	商量	N3
はなしかける	搭话；打招呼；开始说	N3
はなしがい	放养，牧放	N1
はなしことば	口语	N2
はなしこむ	畅谈	N1
はなしごえ	说话声	N3
はなしじょうず	善于交谈的	N3
はなして	说话人；发言者	N2
はなしはんぶん	半信半疑；只听一半	N1
はなしぶり	口气，口吻	N1
はなす	说话	N5
はなたば	花束	N3
はなはだしい	非常的	N1
はなび	焰火，花火	N3
はなびら	花瓣	N1
はなみ	赏樱	N4
はなみず	鼻涕	N2
はなめ	花芽	N2
はなや	花店	N5
はなやか	华丽的；鲜艳的；引人注目的；繁荣的；兴盛的	N1
はなればなれ	分散的	N2
はなれる	（人、车）离开；相距	N2
はね	羽毛；翅膀；叶片（扇子、螺旋桨等）	N2
はねあがる	猛地跳起；（物价）暴涨；行动过激	N1
はねる	弹跳；飞溅	N1
はは	母亲（自己的）	N5
ははおや	母亲	N4
はば	宽度；幅度	N2
はばかる	顾忌；横行	N1
はばたく	振翅飞翔	N1
はばひろい	广泛的；宽的	N1
はばむ	阻挡	N1
はびこる	蔓延；泛滥	N1
はぶく	省略；节省	N2
はへん	碎片	N2
はま	海滨，湖滨	N2
はまべ	海滨；海滩	N1
はまる	（零件）嵌入；吻合；陷入圈套；热衷	N2
はみがき	刷牙；牙膏	N3
はみだす	超出；溢出	N1
はめ	困境	N1
はめる	嵌入（零件）；戴上（手套）；引诱	N1
はもん	波纹；影响	N1
はやあし	快步	N2
はやい	早的；快的	N5
はやおき	早起	N4
はやく	快点；早早地	N5
はやくち	快语速；快嘴	N2
はやし	小树林	N4
はやす	使生长；使（植物）生长；留（胡子）	N1
はやまる	（决定、行动）提前；轻率	N2
はやめ	提前的	N3
はやめる	提前（时间、日程）	N3
はやり	流行；时髦	N2
はやる	流行；（疾病等）蔓延；繁荣，兴旺	N2
はら	肚子，肠胃	N4
はらう	支付；拂去	N4
はらがたつ	生气	N2
はらす	消除（疑虑、怨气）；雪除	N1
はらはら	提心吊胆；纷纷落下	N3
はらむ	怀孕；孕育	N1
はり	针	N3
はりあう	竞争；较劲	N1
はりがみ	贴纸（纸张）；告示	N2
はりきる	干劲十足	N2
はりだす	突出；张贴	N1
はりつめる	绷紧；（冰等）覆盖了一整片区域；紧张	N2
はる	春天，春季	N5
はるか	遥远的	N3
はるさき	初春，早春	N2
はるやすみ	春假	N4
はれ	晴天	N5
はれつ	破裂	N1
はれる	（天气、心情）放晴；心情愉快	N5
はれわたる	完全放晴	N1
はん	半，一半	N5
はんい	范围，界限	N2
はんえい	反映	N2
はんかがい	繁华街	N1
はんがく	半价	N2
はんきょう	回音；反响	N1
はんけい	半径	N1
はんげん	减半	N2
はんこ	印章，图章	N3
はんこう	反抗，对抗	N2
はんざい	犯罪	N1
はんざつ	繁杂的	N1
はんしゃ	反射	N2
はんしゃてき	反射性的	N1
はんしょく	繁殖	N1
はんじょう	繁荣，兴隆	N1
はんすう	半数	N2
はんする	违反；相反	N2
はんせい	反省	N2
はんたい	相反的；反对的	N4
はんだん	判断	N2
はんてい	判定；判断	N1
はんとし	半年	N4
はんどう	反作用；反弹	N1
はんにち	半天	N2
はんにん	罪犯	N3
はんのう	反应	N2
はんはん	一半一半	N3
はんばい	出售，卖	N3
はんぱ	残余；碎片；不完整；零头；半途而废的；敷衍的；不彻底的	N1
はんぱつ	弹回；反感	N2
はんぶん	一半	N5
はんべつ	辨别，分辨	N1
はんめい	查明；弄清	N1
はんめん	另一方面；反面	N2
はんもん	反问	N1
はんらん	泛滥	N1
はんろ	销路	N1
はんろん	反驳	N2
はブラシ	牙刷	N1
ば	场所；场面	N4
ばあい	情况；场合	N4
ばあたり	临时应付的	N1
ばい	倍	N3
ばいかい	媒介，传播	N1
ばいきゃく	出售	N1
ばいしゅう	收购；买通	N1
ばいぞう	倍增	N2
ばいたい	媒体；媒介	N1
ばいてん	小卖部	N2
ばいばい	买卖	N1
ばか	愚蠢的；糊涂的	N1
ばかばかしい	荒唐的；无聊的	N1
ばくぜん	模糊的；笼统的	N1
ばくだい	巨大的；莫大的	N2
ばくはつてき	爆发性的	N1
ばくふ	幕府	N1
ばくろ	暴露；揭露	N1
ばけもの	妖怪；怪物	N1
ばける	变成某种形态；伪装自己；转变；蜕变	N1
ばしょ	场所，地方	N4
ばち	报应	N1
ばっきん	罚款	N2
ばっさい	采伐，砍伐	N1
ばっさり	干脆地；哗地	N2
ばっすい	摘录	N1
ばっそく	惩罚条例	N2
ばったり	砰然倒下；偶然遇见；突然中止	N2
ばっちり	完美地；漂亮地	N2
ばっと	突然（一下子迅速）；一下子	N1
ばつ	惩罚，处罚	N1
ばつぐん	出众的	N1
ばてる	累垮	N1
ばね	弹簧；弹跳力；跳板；推动力	N1
ばめん	场面，场景	N2
ばら	玫瑰花	N3
ばらつき	不均；偏差	N1
ばらばら	零散；四散	N3
ばりばり	干劲十足地；嘎吱作响	N2
ばん	夜晚，晚上	N5
ばんぐみ	节目	N3
ばんごう	号码	N5
ばんごはん	晚饭	N5
ばんじ	万事	N1
ばんせん	……号线	N3
ばんぜん	万全；完美；毫无缺陷	N1
ばんそう	伴奏	N1
ばんち	门牌号	N3
ばんにん	万人，大众	N3
ばんねん	晚年	N1
ばんりのちょうじょう	万里长城	N3
ぱっと	一下子（动作）；突然	N2
ぱらぱら	零星飘落；淅淅沥沥；翻阅书页；稀疏；零散；断断续续	N1
ひ	火	N5
ひあい	悲哀	N1
ひあたり	阳光照射处	N2
ひいき	偏爱；关照	N1
ひいては	进而；甚至	N2
ひえこむ	骤冷；气温明显下降	N2
ひえる	变冷；自己变凉	N3
ひかえしつ	休息室；候场室	N1
ひかえめ	适度的；保守的	N2
ひかえる	克制；忍住；记下；做笔记；准备迎接；等候	N1
ひかく	比较	N3
ひかくてき	比较	N2
ひかげ	阴凉处	N2
ひからびる	干枯	N1
ひかり	光	N4
ひかる	发光；出众	N3
ひかれる	被吸引；被迷住	N2
ひかん	悲观	N2
ひがい	被害，受害	N2
ひがいしゃ	受害者	N1
ひがえり	当天往返	N3
ひがし	东	N5
ひがしがわ	东侧	N3
ひがわり	一天一换	N1
ひがん	夙愿；心愿	N1
ひきあい	比较；交易询问	N2
ひきあげる	拉起；拖起；提高；撤回；离开；退出	N1
ひきいる	率领	N1
ひきうける	接受；承担	N3
ひきおこす	引起；扶起	N1
ひきおとす	拉下；从账户扣款	N3
ひきかえ	交换	N2
ひきかえす	返回（中途折返）	N2
ひきがね	扳机；起因	N1
ひきこむ	拉进；吸引	N2
ひきこもり	家里蹲；闭门不出	N1
ひきさく	撕裂；拆散	N1
ひきしまる	紧绷；振作	N1
ひきずる	拖；拖行；强拉；拖延；拖长；耿耿于怀	N1
ひきたてる	衬托；突出；增强；支持；提拔；鼓舞振作	N1
ひきだし	抽屉；提取	N4
ひきだす	引出；提取	N3
ひきつぐ	接替；继承	N1
ひきつける	吸引；拉近	N1
ひきつづき	继续；接着	N2
ひきとめる	挽留；劝阻	N2
ひきとる	领回；接手	N2
ひきぬく	拔出；挖走（人才）	N1
ひきはなす	拉开；拆散	N2
ひきもどす	拉回	N1
ひきよせる	拉近；吸引	N1
ひきわたす	交给（正式）；移交	N2
ひく	拉；减	N4
ひくい	低的	N5
ひけつ	秘诀，窍门	N1
ひげ	胡子；胡须	N1
ひげき	悲剧	N1
ひこう	飞行	N3
ひこうき	飞机	N5
ひこく	被告	N1
ひごろ	平常，平素	N2
ひさしい	久远的；很久	N3
ひさしぶり	久违的	N4
ひざ	膝盖	N3
ひざし	阳光	N2
ひしひし	深切地（强烈切身地）；紧逼地	N1
ひしゃたい	拍照的对象	N2
ひしょ	秘书	N3
ひじ	肘，肘关节	N1
ひじょう	紧急；非常	N3
ひじょうしき	不合常识的	N2
ひじょうじ	紧急时刻	N2
ひじょうに	非常（地）	N4
ひすい	翡翠	N2
ひずみ	变形（扭曲）；扭曲	N1
ひそう	肤浅的；表面的	N1
ひそか	秘密的（暗中进行）；暗中的	N1
ひそひそ	窃窃私语地	N2
ひそむ	潜藏；躲藏；藏在（心里）	N1
ひたす	浸泡（布、食材）	N2
ひたすら	一味地	N2
ひたひた	悄悄逼近地	N1
ひたむき	一心一意的	N1
ひたる	（人、身体）浸泡；沉迷	N1
ひだ	褶，襞	N1
ひだい	肥大	N1
ひだり	左，左边	N5
ひだりがわ	左侧	N5
ひだりきき	左撇子；爱喝酒的人	N3
ひだりて	左手	N5
ひっかかる	挂住；上当	N1
ひっかける	挂上；套上；钩住；使上钩；逃避付款	N3
ひっき	笔记；书写	N2
ひっきりなし	接连不断的	N1
ひっこし	搬家	N4
ひっこす	搬家	N3
ひっこむ	缩回；凹陷；退居室内；退出公众视野；别插手	N2
ひっし	拼命的	N2
ひっしゃ	笔者，作者	N3
ひっす	必需的	N1
ひっそり	静悄悄地	N1
ひっちゃく	务必送达	N1
ひっぱる	拉（强调）；拽	N3
ひつじ	绵羊	N3
ひつじゅひん	必需品	N1
ひつぜん	必然的	N2
ひつぜんせい	必然性	N1
ひつぜんてき	必然的	N1
ひつよう	必要的；必需的	N4
ひづけ	日期	N2
ひてい	否定，否认	N3
ひと	人；别人	N5
ひといき	歇口气；一口气	N1
ひといちばい	比别人加倍	N1
ひとがら	人品；性格	N2
ひとくち	一口；一言	N2
ひとくろう	费一些力气	N1
ひとこと	一句话	N2
ひとごと	别人的事	N1
ひとごみ	拥挤的人群	N2
ひとさしゆび	食指	N3
ひとざと	人烟处；村落	N1
ひとしい	相等的；相同的	N2
ひとすじ	一条；专心一意	N1
ひとつ	一个；一岁	N5
ひとで	人手；劳动力	N1
ひととおり	大致（从头到尾一遍）；一番	N2
ひとどおり	来往的行人	N2
ひとなみ	人潮，人流	N1
ひとにぎり	一小撮；少数	N1
ひとばん	一晚	N3
ひとびと	人们	N4
ひとまえ	人前；众人面前	N2
ひとまず	暂且，总之	N1
ひとまとめ	一并；归为一组	N1
ひとまわり	一圈；一轮；大（或小）一号；十二年一轮	N3
ひとみしり	怕生	N1
ひとむかし	十年前后；往昔	N1
ひとめ	他人目光；人前	N1
ひとめぼれ	一见钟情	N1
ひとやく	一份力量；一个角色	N1
ひとり	一个人；独自	N5
ひとりあるき	独自行走；脱离原意传播	N1
ひとりぐらし	独居	N3
ひとりごと	自言自语	N2
ひとりでに	自动地；自然而然	N2
ひとりひとり	每个人	N3
ひとりぼっち	孤单一人	N1
ひとりよがり	自以为是的	N1
ひどい	糟糕的；过分的	N4
ひな	雏鸟；雏人偶	N1
ひなた	向阳处	N1
ひなん	避难	N3
ひにく	讽刺的；挖苦	N1
ひにち	日期；天数	N2
ひねりだす	挤出；想出	N1
ひねる	扭转；琢磨	N1
ひのき	扁柏；柏木	N1
ひはん	批评，批判	N2
ひひょう	评论	N2
ひび	天天，每天	N2
ひびき	声响；影响	N1
ひびく	响起；回响	N3
ひふ	皮肤	N2
ひま	闲的；空闲	N4
ひまわり	向日葵	N2
ひみつ	秘密的	N4
ひめい	悲鸣；惨叫	N1
ひめる	隐藏（书面）	N1
ひも	带子，细绳	N3
ひゃく	百	N5
ひゃっか	百科；百科全书	N2
ひやかす	嘲弄；只看不买	N1
ひやく	飞跃；跃进	N1
ひやけ	晒伤；晒黑；晒成棕色；日晒变色；河流或土地干涸	N1
ひやす	冰镇；把东西弄凉	N3
ひょう	表格；图表	N3
ひょうか	评价；估价	N2
ひょうげん	表现；表达	N3
ひょうこう	标高，海拔	N1
ひょうざんのいっかく	冰山一角	N1
ひょうし	封面，书皮	N2
ひょうしき	标志	N1
ひょうしょう	表彰	N1
ひょうじ	表示；显示	N2
ひょうじゅん	标准	N1
ひょうじょう	表情，神情	N2
ひょうそう	表层	N1
ひょうばん	评价；名声	N2
ひょうめい	表明，表示	N2
ひょうめん	表面；外表	N3
ひょうめんちょうりょく	表面张力	N1
ひょうろん	评论；评论文章	N2
ひよう	费用	N2
ひより	天气；形势	N1
ひらがな	平假名	N5
ひらく	（门、店）打开；开办	N5
ひらち	平地，平川	N1
ひらひら	飘飘地；翩翩	N1
ひらめき	灵光一闪；闪念	N1
ひらめく	闪现；闪烁；闪耀；飘动；摇曳；突然想到	N2
ひらや	平房	N1
ひりょう	肥料	N1
ひる	白天；中午	N5
ひるがえす	翻转；改变主意；推翻决定；收回话；使旗帜飘扬	N1
ひるごはん	午饭	N5
ひるすぎ	过午，下午	N2
ひるね	午睡，午觉	N4
ひるま	白天，昼间	N3
ひるやすみ	午休	N5
ひれい	比例；相称	N2
ひろい	宽的；广阔的	N5
ひろいもの	捡到的东西；意外收获	N1
ひろう	捡起	N4
ひろがる	（香味）扩散；（面积）扩大；扩大、蔓延	N3
ひろげる	展开；扩大（物理上的面积）；扩大（范围）	N3
ひろさ	面积；广博	N3
ひろしま	广岛	N5
ひろば	广场	N3
ひろびろ	宽敞，辽阔	N2
ひろまる	（消息、习俗）传播	N2
ひろめる	扩大（范围）；普及，推广	N1
ひん	品质；品位	N4
ひんい	品位；格调	N1
ひんこん	贫困；匮乏；短缺	N1
ひんしつ	品质	N2
ひんしゅ	品种；种类	N1
ひんど	频度，频率	N1
ひんぱつ	频繁发生	N1
ひんぱん	频繁的	N1
ひんぷ	贫富	N1
ひんやり	阴凉，凉爽	N1
びいしき	审美意识；仪容意识	N1
びか	美化	N1
びくびく	害怕发抖	N1
びさい	微小的	N1
びしばし	严厉地；啪啪地	N1
びじゅつ	美术	N3
びじゅつかん	美术馆	N4
びせいぶつ	微生物	N1
びっくり	吓一跳；惊讶	N4
びっしょり	湿透地	N2
びとく	美德	N1
びひん	备品，备件	N1
びび	微小的	N1
びみょう	微妙的；棘手的；难以判断的；可疑的	N3
びょう	秒	N3
びょういん	医院；诊所	N5
びょうき	疾病	N4
びょうしつ	病房，病室	N1
びょうしゃ	描写	N1
びょうどう	平等的	N3
びょうにん	病人	N1
びょうぶ	屏风	N1
びよう	美容	N3
びよういん	美容院	N3
びりびり	噼啪作响；麻木	N2
びん	瓶子	N4
びんかん	敏感的	N2
びんせん	信纸	N2
びんぼう	贫穷的	N3
ぴかぴか	闪闪发亮	N2
ぴたり	紧贴；准确；突然停止	N1
ぴったり	正合适；紧贴	N3
ぴんと	绷紧地；马上领会	N1
ふ	府（行政区）	N3
ふあん	不安的	N4
ふあんてい	不稳定的	N2
ふい	突然的；意外的	N2
ふう	封；封口	N2
ふうあい	质感；风格	N1
ふういん	封条；封印	N1
ふうう	风雨；磨难	N1
ふうけい	风景	N2
ふうしゅう	风俗习惯	N1
ふうぞく	风俗；习俗；公共道德；成人服务行业	N1
ふうちょう	风潮；趋势	N1
ふうとう	信封	N4
ふうど	风土，水土	N1
ふうふ	夫妇，夫妻	N3
ふうぶつ	风景，风物	N1
ふうりゅう	风雅的；雅致的	N1
ふえて	不擅长的	N2
ふえる	（人数、需求）增加	N4
ふおん	不安的；动荡的	N1
ふか	不可；不行	N2
ふかい	深的	N4
ふかかい	不可理解的	N1
ふかくてい	不确定的	N1
ふかけつ	不可缺少的	N2
ふかのう	不可能的	N2
ふかぶん	不可分的	N1
ふかまる	（理解、感情）加深	N2
ふかみ	深处；深度	N2
ふかめる	加深（理解、关系）	N2
ふかん	俯瞰，俯视	N1
ふかんぜん	不完全的	N2
ふきげん	不高兴的	N1
ふきそく	不规则的	N3
ふきとる	擦掉	N1
ふきゅう	普及	N2
ふきょう	不景气	N1
ふきん	附近	N2
ふく	衣服	N5
ふくぎょう	副业	N1
ふくげん	复原；恢复	N1
ふくさんぶつ	副产品；附带成果	N1
ふくざつ	复杂的	N4
ふくし	福祉，福利	N2
ふくしゃ	复印，复制	N1
ふくしゅう	复习	N3
ふくすう	复数；多个	N3
ふくせい	复制，仿制	N1
ふくそう	服装，穿着	N3
ふくつう	腹痛	N3
ふくみ	含意；言外之意；余地；意味；情调；语气	N2
ふくみわらい	抿嘴笑	N1
ふくむ	包含；怀（恨）	N2
ふくめる	包含（主动）	N2
ふくらます	吹鼓（气球）；使膨胀	N2
ふくらむ	（气球、梦想）膨胀；鼓起	N2
ふくり	福利	N1
ふくれあがる	（费用、人数）暴增；肿胀	N1
ふくれる	（肚子、脸）鼓起；不高兴	N1
ふくろ	包，袋	N4
ふくろう	猫头鹰	N2
ふぐあい	故障；不便	N2
ふぐう	不得志的	N2
ふけいき	经济不景气；经营不佳；冷清；阴郁；愁闷	N1
ふこう	不幸；悲伤；灾祸；事故；死亡；丧亲	N1
ふこうへい	不公平的	N2
ふごう	符合，一致	N1
ふさい	负债	N1
ふさぐ	堵住；占据	N2
ふさふさ	浓密地；蓬松地	N2
ふさわしい	相称的；合适的	N2
ふざい	不在；缺席	N1
ふざける	胡闹（程度）；开玩笑	N1
ふし	关节；曲调；竹节；木节；节疤	N2
ふしぎ	不可思议的	N4
ふしぜん	不自然的	N2
ふしょう	负伤，受伤	N1
ふしょうじ	丑闻，坏事	N1
ふしょく	腐蚀，侵蚀	N1
ふしん	可疑的	N1
ふしんかん	不信任感	N1
ふじ	紫藤	N3
ふじさん	富士山	N5
ふじゅうぶん	不充分的	N2
ふじゅん	不顺的；异常的	N2
ふじゆう	不自由的；不方便的	N2
ふじん	妇女，女士	N1
ふずい	附随，随带	N1
ふせい	不正当的；作弊	N1
ふせぐ	防止	N3
ふせる	趴下；隐藏	N1
ふぜい	风情；情调	N1
ふそく	不足；缺乏	N3
ふぞく	附属	N2
ふぞろい	不整齐的	N2
ふた	盖子	N3
ふたご	双胞胎	N3
ふたしか	不确切的	N1
ふたたび	再次，又	N2
ふたつ	两个；两岁	N5
ふたり	两个人	N5
ふたん	承担；负担	N2
ふだん	平时，平常	N3
ふち	深渊；边缘	N1
ふちゃく	附着，粘着	N1
ふちゅうい	不注意的	N1
ふちょう	状态不佳；不顺	N3
ふっかつ	复活；恢复	N1
ふっき	恢复；回归	N1
ふっきゅう	恢复；修复	N1
ふっけん	恢复权利；复权	N1
ふっこう	复兴	N1
ふっしょく	消除；扫除	N1
ふっとう	沸腾；激化；兴奋；发酵；飙升（价格）	N3
ふつう	普通的	N4
ふつか	两天；二号	N5
ふつごう	不便的；不合适的	N2
ふてき	不适当的	N1
ふで	毛笔；笔触	N1
ふでき	做得不好；成品差	N1
ふでづかい	笔法；用笔	N1
ふと	忽然	N3
ふとい	粗的；胖的	N5
ふとう	不当的；不合理	N1
ふとうこう	拒绝上学	N1
ふとうめい	不透明的；不明朗	N1
ふとくい	不擅长的	N2
ふとした	偶然的；无意的	N1
ふともも	大腿	N1
ふとる	变胖	N3
ふとん	被子，褥子	N3
ふどうさん	房地产	N3
ふどうさんや	房地产中介	N3
ふなのり	船员；水手	N1
ふなびん	海运邮件；船运	N2
ふなれ	不熟练的	N1
ふにん	赴任	N1
ふにんき	不受欢迎的	N1
ふね	船	N5
ふのう	不能；无能力	N1
ふはい	腐烂；腐败	N1
ふひつよう	不必要的	N2
ふび	不完备的	N1
ふびょうどう	不平等的	N1
ふふく	不服的；有异议的	N1
ふへい	不满；抱怨	N2
ふへん	普遍，一般	N1
ふへんてき	普遍的	N2
ふべん	不方便的	N4
ふほんい	非本意的；不情愿的	N1
ふぼ	父母	N3
ふまえる	依据；踏住	N1
ふまん	不满；不满意	N4
ふみいれる	踏入（主动）	N1
ふみきり	铁路道口	N2
ふみきる	下决心；起跳	N1
ふみこえる	跨越；克服	N1
ふみこむ	踏入（渗入）；陷入、闯进；深入	N1
ふみだす	迈出；开始行动	N2
ふむ	踩；踏上	N3
ふむき	不适合的	N1
ふめい	不明的；未知	N2
ふもう	贫瘠的；无益的	N1
ふもと	山脚	N2
ふやす	增加（人数、收入）	N3
ふゆ	冬天，冬季	N5
ふゆう	浮游，漂浮	N1
ふゆかい	不愉快的	N2
ふゆがれ	冬季枯萎；冬日萧条；冬季生意低迷	N1
ふゆやすみ	寒假	N5
ふゆやま	冬天的山	N1
ふよう	不需要；无必要	N3
ふようい	未准备好的；粗心的；不谨慎的；轻率的	N1
ふらふら	摇摇晃晃；不稳	N3
ふり	样子；姿态	N3
ふりえき	不利的；损失	N1
ふりかえる	回头看；回顾	N2
ふりかかる	降临	N1
ふりこみ	存入，汇	N3
ふりこむ	汇入；存入	N3
ふりそそぐ	倾泻而下	N1
ふりだし	出发点；原点（回到）	N1
ふりだす	开始下（雨、雪）	N3
ふりつづく	持续下（雨、雪）	N3
ふりまわす	挥舞；滥用、显摆；任意摆布	N1
ふりむく	（人）回头；接否定表不感兴趣、不屑	N2
ふりむける	转向（视线、资源）；挪用，充当	N1
ふりょ	意外，不测	N1
ふりょう	不良的；坏的	N2
ふりん	婚外情；不伦	N1
ふる	下（雨、雪）	N5
ふるい	旧的；老的	N5
ふるう	挥动（是发挥施）；充分发挥；兴旺	N1
ふるえる	发抖；震动	N2
ふるぎ	旧衣服	N3
ふるさと	故乡，家乡（感情故乡）	N3
ふるびる	变旧	N1
ふるほん	旧书	N3
ふるまい	举止；行为	N1
ふるまう	行动；招待	N2
ふるめかしい	古色古香的	N1
ふれあい	接触，交流	N2
ふれあう	接触；（心灵的）碰撞	N2
ふれる	触碰（接触提及）；碰触；涉及	N3
ふろ	浴缸；洗澡	N5
ふろしき	包袱布	N1
ふわふわ	松软的；轻飘飘	N2
ふん	……分钟	N5
ふんいき	气氛，空气	N2
ふんか	火山喷发	N1
ふんがい	愤慨	N2
ふんきゅう	纠纷，混乱	N1
ふんさい	粉碎	N1
ふんしつ	遗失，丢失	N1
ふんそう	纷争，纠纷	N1
ふんとう	奋战；奋斗	N1
ふんばる	坚持；站稳	N1
ふんまつ	粉末	N1
ふんわり	松软地；轻柔地	N2
ぶ	部；部门	N4
ぶあつい	厚实的	N2
ぶい	部分，部位	N1
ぶいん	成员，队员	N3
ぶか	部下，下属	N2
ぶかぶか	宽大的	N2
ぶき	武器	N2
ぶきよう	笨拙的；不灵巧	N1
ぶけ	武士阶层	N1
ぶざい	部件；材料	N1
ぶし	武士	N1
ぶしょ	部门；岗位	N2
ぶじ	平安；顺利	N4
ぶじゅつ	武术，武艺	N1
ぶすう	册数，份数	N2
ぶぞく	部族，部落	N1
ぶた	猪；猪肉	N1
ぶたい	舞台；场面	N2
ぶたにく	猪肉	N3
ぶちょう	部长	N4
ぶっか	物价	N3
ぶっかく	佛寺；寺院	N1
ぶっけん	物件；房产	N1
ぶっさん	物产	N1
ぶっし	物资	N2
ぶっしつ	物质	N2
ぶっそう	危险的；不安宁	N2
ぶったい	物体	N2
ぶっぴん	物品；东西	N1
ぶつかる	（自己）撞上；碰撞；冲突	N3
ぶつける	把东西撞上；投掷；发泄	N3
ぶつぞう	佛像	N1
ぶつり	物理	N2
ぶつりゅう	物流	N1
ぶどう	葡萄	N2
ぶなん	稳妥的；不出错	N1
ぶひん	零件	N3
ぶぶん	部分	N3
ぶぶんてき	部分的	N1
ぶもん	部门	N2
ぶらさげる	吊起；挂着	N2
ぶらぶら	闲逛；晃荡	N3
ぶらんこ	秋千	N3
ぶるぶる	发抖，哆嗦	N2
ぶれる	摇摆；偏移	N2
ぶん	文章；句子	N4
ぶんか	文化	N4
ぶんかい	拆开；分解	N2
ぶんかさい	文化节	N2
ぶんかざい	文化遗产	N1
ぶんかつ	分割；分开	N2
ぶんがく	文学，文艺	N3
ぶんぎょう	分工	N1
ぶんけい	文科	N2
ぶんけん	文献；资料	N2
ぶんげい	文艺	N1
ぶんこ	文库；袖珍本	N2
ぶんさい	文才	N1
ぶんさん	分散	N1
ぶんしょ	文书；文件	N3
ぶんしょう	文章，作品	N4
ぶんしん	分身	N1
ぶんせき	分析	N2
ぶんたい	文体	N2
ぶんたん	分担，分工	N2
ぶんぱい	分配，分发	N2
ぶんぴつ	文笔	N1
ぶんべつ	分类；辨别	N2
ぶんぼうぐ	文具	N3
ぶんぽう	语法	N3
ぶんみゃく	文脉，语境	N1
ぶんめい	文明	N1
ぶんや	区域，领域	N2
ぶんりょう	分量；份量	N2
ぶんるい	分类	N3
ぶんれつ	分裂	N2
ぷりぷり	气鼓鼓地；弹嫩	N1
へいあん	平安；安宁	N1
へいかん	闭馆；停业	N3
へいがい	危害，弊病	N1
へいき	不在意；镇定	N3
へいきん	平均	N3
へいこう	平行的	N1
へいさ	关闭，封锁	N1
へいし	士兵，战士	N1
へいしゃ	敝公司	N2
へいじつ	工作日	N4
へいじょう	平常，平时	N2
へいじょうしん	平常心	N2
へいせい	平成时代	N2
へいぜん	镇定；沉着；冷静	N1
へいてん	关店	N3
へいねん	平年；普通年份	N1
へいぼん	平凡的	N2
へいめん	平面	N2
へいよう	并用	N1
へいれつ	并列；并排	N1
へいわ	和平；和平的	N3
へえ	哎呀；哦	N4
へこむ	凹陷；塌陷；被击败；屈服；放弃；消沉；沮丧	N1
へた	不擅长的	N4
へだてる	隔开；分隔	N2
へとへと	筋疲力尽的	N1
へま	愚蠢的（笨拙失误）；失误	N1
へや	房间	N5
へらす	减少（数量、体重）	N3
へる	（数量、库存）减少；饿	N4
へん	奇怪的	N4
へんか	变化	N3
へんかく	变革，改革	N1
へんかん	改变，变换	N2
へんきゃく	归还，退还	N3
へんきょう	偏狭的	N1
へんきん	还钱；退钱	N2
へんけい	变形	N2
へんけん	偏见	N1
へんこう	变更；改动	N2
へんさい	还钱，偿还	N1
へんさん	编纂	N1
へんしつ	变质；性质改变	N1
へんしゅう	编辑；剪辑	N2
へんしょく	偏食，挑食	N2
へんしん	回信	N3
へんじ	回复；答复	N5
へんじゃ	编者	N2
へんじょう	归还；放弃；让出；交还	N1
へんじん	怪人	N3
へんせい	编成，组成	N1
へんせん	变迁	N1
へんそう	寄回	N1
へんちょ	编著	N1
へんちょう	异常；变调；调制	N1
へんとう	回答，回话	N2
へんどう	变动，动荡	N1
へんぴん	退货	N2
へんぼう	变貌；巨变	N1
へんよう	变化；变容	N1
べいしょく	米食	N2
べたべた	黏糊糊；纠缠	N2
べっこ	另一个；不同；分开；离散	N1
べっしつ	另一个房间	N2
べっそう	别墅	N2
べったり	紧贴；黏糊糊地	N1
べっと	另，另外	N1
べつ	另外的；不同的	N4
べつに	并（不）	N4
べつべつ	分别的	N3
べんかい	辩解；解释	N1
べんきょう	学习	N5
べんごし	律师	N1
べんしょう	赔偿	N1
べんとう	便当，盒饭	N5
べんり	方便的	N5
べんろん	辩论；辩护	N1
ぺきんダック	北京烤鸭	N3
ぺこぺこ	肚子饿；空腹	N3
ぺこり	点头行礼	N1
ぺらぺら	流利的；喋喋不休	N3
ほ	……步	N4
ほいく	育儿；保育	N3
ほう	方面；一方	N4
ほうえい	放映	N2
ほうかい	崩溃，垮台	N1
ほうかご	放学后	N2
ほうかつ	包括，总括	N1
ほうがく	方位，方向	N3
ほうき	扫帚	N2
ほうげん	方言，土话	N1
ほうこ	宝库	N1
ほうこう	方向；方针	N4
ほうこく	报告，汇报	N3
ほうこくしょ	报告书	N3
ほうさく	丰收	N1
ほうしき	方式，方法	N2
ほうしゃ	放射	N1
ほうしゃじょう	放射状的；辐射状的	N1
ほうしゅう	报酬	N1
ほうしゅつ	放出；释放	N1
ほうしん	方针	N2
ほうじる	报道；报答	N1
ほうじん	法人	N1
ほうせき	宝石	N1
ほうせつ	内涵，包容	N1
ほうそう	广播，播报	N3
ほうそく	法则，定律	N2
ほうち	放置；搁置	N1
ほうちょう	菜刀	N3
ほうっておく	放着不管	N2
ほうてき	法律上的	N2
ほうどう	报道	N2
ほうにち	访问日本	N1
ほうにん	放任	N1
ほうふ	丰富的	N2
ほうほう	方法	N4
ほうぼく	放牧，牧放	N1
ほうめん	方面；领域	N2
ほうもん	访问	N3
ほうようりょく	度量，肚量	N1
ほうりだす	扔出去；中途放弃，丢下不管；赶走	N2
ほうりつ	法律	N3
ほうりゃく	方略，策略	N1
ほうる	扔；抛；丢开，放弃	N3
ほうれんそう	菠菜	N2
ほうろう	流浪	N2
ほうわ	饱和，极限	N1
ほえる	吠叫	N3
ほお	脸颊	N4
ほおん	保温	N1
ほか	其他；别处	N5
ほかく	捕获	N1
ほかほか	热乎乎	N2
ほかん	保管	N1
ほがらか	开朗的；爽朗的	N1
ほきゅう	补给	N1
ほきょう	加强，强化	N1
ほぐす	放松（肩膀、肌肉）；解开（线团）	N1
ほぐれる	（肌肉、心情）放松；（线团）解开	N1
ほけん	保险	N2
ほこう	步行	N3
ほこうしゃ	行人	N3
ほこらしい	自豪的	N1
ほこり	尘埃，灰尘	N2
ほこる	自豪；夸耀	N1
ほご	保护，庇护	N2
ほごしゃ	监护人；家长	N2
ほし	星星	N4
ほしい	想要	N5
ほしぞら	星空	N1
ほしゅ	保守；保养	N1
ほしゅてき	保守的	N1
ほしょう	保证，担保	N2
ほしょく	捕食	N1
ほじ	保持	N1
ほじゅう	补充	N1
ほじょ	补助，辅助	N2
ほす	晾干	N3
ほぜん	保全	N1
ほそい	细的；瘦的	N5
ほそく	补充，补足	N2
ほそながい	细长的	N3
ほそめる	使变窄；调小火力；减弱	N1
ほぞん	保存	N2
ほっかいどう	北海道	N3
ほっする	想要；渴望	N1
ほっそく	成立；启动	N1
ほったん	发端，起因	N1
ほっと	放心；松口气	N2
ほっとく	放着不管	N1
ほてん	补充；填补	N1
ほとんど	几乎；大部分	N4
ほど	程度；大约	N3
ほどう	人行道	N3
ほどける	松开；解开	N1
ほどこす	施舍；施行	N2
ほどちかい	相当接近的	N1
ほどとおい	相距甚远的	N1
ほどほど	适当，恰当	N1
ほどよい	适度的	N1
ほにゅうどうぶつ	哺乳动物	N1
ほにゅうるい	哺乳类	N1
ほね	骨头	N3
ほねおり	辛劳；费力	N1
ほねおる	费力；尽力；折断骨头	N1
ほねみをおしまず	不辞辛劳	N1
ほはば	步幅	N2
ほほえましい	令人欣慰的；可爱的	N1
ほほえむ	微笑	N1
ほぼ	几乎，大概	N2
ほめたたえる	极力称赞	N1
ほめる	称赞	N3
ほゆう	保有	N1
ほら	看；喏	N3
ほりおこす	挖出；掘出；开垦土地	N1
ほりさげる	深入挖掘；往下深挖；深入思考，挖掘（思想）	N1
ほりゅう	保留，搁置	N1
ほる	挖掘	N3
ほろびる	（物种、国家）灭亡	N1
ほろぼす	毁灭；使……灭亡	N1
ほん	书；（量词）本；本、当前	N5
ほんい	本意；真意	N1
ほんかくてき	正式的；真正的	N2
ほんき	认真的；当真的	N2
ほんぎょう	本职工作	N2
ほんこう	本校；总校	N2
ほんしつ	本质	N2
ほんしゃ	总公司	N2
ほんしょ	本书；本文书	N1
ほんしん	真心；本意	N2
ほんじつ	本日，今天	N3
ほんすじ	主线；正题	N1
ほんたい	本体；主体	N1
ほんだい	正题，本题	N1
ほんだな	书柜，书架	N5
ほんとう	真的；事实	N5
ほんとうに	真正地	N5
ほんにん	本人	N3
ほんね	真心话	N2
ほんの	仅仅；小小的	N2
ほんのう	本能	N2
ほんば	正宗；发源地；产地；中心；最佳场所；上午场	N1
ほんばん	正式场合；实战	N2
ほんぶん	正文；原文	N3
ほんぽう	奔放的	N1
ほんもの	真货；真正的东西	N4
ほんや	书店	N5
ほんやく	翻译	N3
ほんらい	本来；原来	N3
ぼう	棒；直线	N3
ぼうえい	防卫，捍卫	N1
ぼうえき	贸易	N4
ぼうえんきょう	望远镜	N1
ぼうがい	妨碍	N1
ぼうきゃく	忘却	N1
ぼうぎょ	防御	N1
ぼうけん	冒险	N1
ぼうさい	防灾	N2
ぼうし	帽子	N5
ぼうすい	防水	N1
ぼうぜん	茫然的	N1
ぼうそう	暴走；失控	N1
ぼうだい	庞大的	N2
ぼうっと	发呆；朦胧地	N1
ぼうとう	开头	N1
ぼうはん	防止犯罪	N2
ぼうばく	广阔；无边无际；模糊；不明确	N1
ぼうや	小男孩；小朋友	N1
ぼうりょく	暴力，武力	N2
ぼきん	募捐；筹款；捐款；捐赠	N2
ぼく	我（男性）	N5
ぼくじょう	牧场	N2
ぼくちく	畜牧	N1
ぼくめつ	扑灭，消灭	N1
ぼける	发呆；变模糊	N1
ぼこく	祖国	N1
ぼご	母语	N1
ぼしゅう	募集，招募	N3
ぼせい	母性，母爱	N1
ぼっする	下沉；落下；落山；去世；消失	N1
ぼっちゃん	别人家的儿子；男孩；少爷；富家涉世未深的年轻人	N1
ぼっとう	埋头；专心	N1
ぼつ	落选；没入	N1
ぼつにゅう	投入；沉浸	N1
ぼやく	发牢骚	N1
ぼやける	变模糊	N1
ぼろくそ	一文不值的	N1
ぼろぼろ	破烂不堪；碎裂；散落	N2
ぼん	盆；盂兰盆节	N1
ぼんおどり	盂兰盆会舞	N1
ぼんじん	凡人，庸人	N1
ぼんやり	模糊地；发呆地；漫无目的地	N2
ぼんよう	平庸的	N1
ぽいすて	随手乱扔	N1
ぽんぽん	连续地；砰砰	N1
ま	空隙；时间	N3
まあ	嗯；不过	N3
まあたらしい	崭新的	N1
まあまあ	马马虎虎；还行	N3
まいあさ	每天早上	N5
まいおちる	飘落	N1
まいかい	每次，每回	N3
まいご	迷路的孩子	N3
まいしゅう	每周	N5
まいしん	迈进，挺进	N1
まいすう	张数，页数	N2
まいぞう	埋藏；蕴藏	N1
まいつき	每个月	N5
まいとし	每年	N5
まいにち	每天	N5
まいばん	每晚	N5
まいる	去；来（谦）	N3
まうえ	正上方	N1
まえ	前面；以前	N5
まえうり	预售	N2
まえおき	铺垫；前言	N1
まえに	之前	N5
まえまえ	早就；很久以前；事先	N1
まえむき	积极的（面向未来）；向前的	N2
まえもって	预先，事先	N2
まかす	打败（对手、敌人）	N2
まかせる	托付；任由	N2
まかなう	供给；应付	N1
まがりなりにも	好歹；不管怎样	N1
まがる	（道路、身体）弯曲；拐弯	N5
まきこむ	卷入；牵连	N2
まきもの	卷轴	N1
まぎれる	混入；分散注意	N1
まぎわ	临近时刻	N1
まく	播种	N2
まくあい	幕间；间歇	N1
まくら	枕头	N3
まくる	一个劲地做	N1
まぐろ	金枪鱼	N1
まけ	输	N3
まけずぎらい	不服输的	N1
まける	（比赛、人）输；难以忍受	N4
まげる	弄弯；歪曲	N3
まこと	诚实；真心	N1
まことに	非常，十分	N2
まご	孙子；孙女	N3
まごころ	真心，诚意	N1
まさか	不会吧；难道	N2
まさに	正是；确实；正好在；正要；即将	N2
まざる	（水、颜色）混在一起	N2
まして	何况，况且	N3
ましょうめん	正对面	N1
まじえる	加入；交织	N1
まじめ	认真的；老实的	N4
まじりあう	混合；交融	N2
まじる	（白发、杂音）混入	N2
ます	增加（正式）	N2
ますます	越发，更加	N2
まず	首先	N5
まずい	难吃的；糟糕的	N5
まずしい	贫穷的	N3
まぜる	混合（材料）；掺和	N3
また	又；再	N5
または	或，或者	N3
まだ	还没；还	N5
まだしも	还算可以；宁可	N1
まだまだ	还，仍	N4
まち	城镇；町	N5
まちあいしつ	候车室；等候室	N1
まちあわせ	等待，会面	N3
まちあわせる	约好见面	N3
まちうける	等待（主动）	N1
まちかど	街角；街头	N1
まちがい	错误，过错	N4
まちがう	弄错（口语）	N4
まちがえる	弄错	N5
まちなみ	街景	N2
まちぶせ	埋伏	N2
まちまち	各不相同的	N1
まぢか	临近的	N2
まっか	鲜红的；通红的	N1
まっき	末期，晚期	N1
まっくら	漆黑的	N2
まっさき	最先；首先	N2
まっしろ	雪白的；空白的	N2
まっすぐ	笔直的；直接的	N5
まったき	完全，完美	N1
まったく	完全；全然	N4
まつ	等待	N5
まつり	节日；祭典	N4
まと	靶子；目标	N1
まとはずれ	离题的；不着边际	N1
まとまり	统一性；连贯性；协调性；收束；结论；完成	N1
まとまる	（事情）归纳；谈妥；凑齐	N1
まとめ	总结；汇总	N1
まとめる	整理（对象）；汇集、归纳；商定、谈妥	N3
まとも	正经的；正常的	N1
まど	窗户	N5
まどう	（人、心）困惑；迷恋，沉溺	N1
まどがわ	窗户边	N3
まどぎわ	窗前，窗边	N2
まどぐち	窗口	N3
まどり	房间布局	N1
まどわす	迷惑（人、听众）	N2
まなざし	目光，眼神	N1
まなつ	盛夏	N1
まなぶ	学习	N3
まにあう	赶上；来得及	N4
まね	模仿	N2
まねく	招待；招致	N2
まねる	模仿	N2
まばら	稀疏的	N1
まふゆ	隆冬	N1
まぶしい	刺眼的	N3
まほう	魔术，魔法	N2
まぼろし	幻影；虚幻	N2
まま	原样；状态	N4
まめ	豆；小型的	N3
まもなく	不久	N2
まもの	妖怪，魔鬼	N1
まもる	遵守；保护	N4
まゆ	眉毛	N1
まゆをひそめる	紧锁眉头	N1
まよう	（人、旅客）迷路；迷，迷失；犹豫	N4
まよなか	半夜，深夜	N1
まよわす	使迷惑；迷惑，使困惑；诱惑，诱骗	N2
まる	圆；圈	N2
まるい	圆的	N5
まるごと	完整，整个	N1
まるで	仿佛；完全	N3
まるめる	揉成团；使圆	N2
まれ	稀有的	N2
まろやか	醇厚的；柔和的	N1
まわす	转动（把手、方向盘）；依次传递	N3
まわり	周围；附近	N4
まわりくどい	拐弯抹角的	N2
まわりみち	绕远（路）	N2
まわる	（机器、风车）旋转	N4
まん	（数量）万	N5
まんいん	满员	N3
まんかい	盛开，全开	N1
まんが	漫画	N4
まんがいち	万一	N1
まんきつ	尽情享受	N1
まんげつ	满月，圆月	N1
まんさい	满载；充满	N1
まんざら	并非完全；未必	N2
まんじゅう	豆包；包子	N1
まんせい	慢性	N1
まんぜん	漫不经心的	N2
まんぞく	满意；满足	N3
まんてん	满分；绝佳	N3
まんなか	正中；中间	N3
まんぷく	吃饱	N1
み	身体；自身	N4
みあい	相亲；互相对看	N1
みあう	相当（价值、条件）；互相看	N2
みあげる	抬头看	N2
みあたる	找到；发现	N1
みあわせる	暂缓；互相看	N1
みいだす	发现；找出	N1
みいる	看入迷	N1
みうける	看见；认为	N1
みうごき	活动；动作	N1
みうしなう	看丢；迷失	N2
みえる	（景色、文字）看得见；看起来是	N4
みおくり	送行；搁置	N3
みおくる	目送；送行	N3
みおとす	看漏（文字、错误）；忽略	N1
みおろす	俯视；小看	N2
みかえし	反看；衬页	N2
みかえす	回看；报复	N1
みかえり	回报；回头看	N1
みかく	味觉	N1
みかけ	外观，外貌（看起来的样子）	N1
みかける	看到；偶然遇见	N1
みかた	看法；见解	N3
みかづき	新月，月牙	N1
みかん	橘子，柑橘	N5
みかんせい	未完成的	N1
みがく	刷；磨	N5
みがって	任性的；自私的	N1
みき	树干；主干	N2
みきわめる	看清；判断	N1
みぎ	右	N5
みぎがわ	右边，右侧	N5
みぎて	右手；右侧	N5
みくだす	俯视（专指）；蔑视	N1
みくびる	小看；轻视	N1
みくらべる	比较；对照	N1
みけいけん	没有经验的	N2
みこす	预料	N1
みこみ	希望；可能性	N2
みごと	出色的；漂亮的	N2
みさかい	分辨；判断界限	N1
みさだめる	看准	N1
みしらぬ	陌生的；不认识的	N2
みじかい	短的	N5
みじめ	凄惨的	N1
みじゅく	未成熟的；不熟练的	N1
みすえる	凝视；看准	N1
みすかす	识破（隐瞒、内心）	N1
みすごす	放过（没注意到）；放任不管	N2
みすてる	抛弃；放弃	N1
みず	水	N5
みずうみ	湖	N4
みずから	自己；亲自	N2
みずぎ	游衣，泳装	N1
みずしらず	素不相识的	N1
みずたまり	水洼，水坑	N1
みずっぽい	水分多的；淡的	N2
みずべ	水边，水滨	N1
みずみずしい	水灵的；清新的	N1
みせ	商店，店铺	N5
みせいねん	未成年	N1
みせかける	假装	N1
みせさき	店头，店面	N1
みせつける	炫耀（故意展示给人看）	N1
みせる	给看；展示	N5
みぜん	未然	N1
みそ	酱，味噌	N5
みそしる	味噌汤	N4
みぞ	沟；分歧	N2
みたす	满足（条件、愿望）；充满，填满	N2
みたてる	诊断；视作	N1
みたない	不满，不足	N1
みため	外表；外观	N2
みだし	标题（文章的小标）；小标题	N2
みだしなみ	仪容；穿戴	N1
みだれ	乱，混乱	N2
みだれる	混乱；紊乱	N2
みち	道路	N5
みちがえる	认错；焕然一新	N1
みちくさ	路边草；途中耽搁	N2
みちじゅん	路线	N3
みちすじ	路线；思路	N1
みちのり	路程，距离	N1
みちばた	路边，路旁	N2
みちびく	引导；导致	N2
みちる	（容器、心中）充满；达到期限	N2
みぢか	身边的；亲近的	N3
みっか	三天；三号	N5
みっしゅう	密集	N1
みっせつ	密切的	N2
みっちゃく	紧贴	N2
みっちり	充分地（强调）；严实地	N1
みっつ	三个；三岁	N5
みっともない	难看的；丢脸的	N1
みっぺい	密闭，密封	N2
みつかる	（物品、线索）被找到；东西被发现	N4
みつける	找到（东西、人）；发现	N4
みつど	密度	N1
みつめる	凝视	N3
みつもり	估算，估价	N2
みつもる	估算；估计	N2
みてとる	看出	N1
みとおし	预想；前景	N2
みとおす	看透（全局）；预见；眺望	N1
みとめる	认可；承认	N2
みとれる	看得入迷	N1
みどころ	看点；精彩处	N1
みどり	绿色	N5
みな	大家（正式）；全部	N5
みなおす	重新看；反省	N2
みなさん	各位，诸位	N5
みなす	视为；看作	N2
みなと	港口，码头	N4
みなみ	南方	N5
みなみがわ	南侧；南面	N5
みなみはんきゅう	南半球	N1
みならう	学习；仿效	N1
みなれる	看惯；熟悉	N2
みにつける	掌握；学会；携带；穿戴	N3
みになる	有益；有帮助；对身心有益；设身处地；换位思考	N1
みぬく	看穿（真相、本质）	N2
みのがす	错过；放过	N2
みのまわり	身边；日常用品	N2
みのり	收获；成果	N2
みのる	结果实；有成果	N2
みはなす	放弃；抛弃	N2
みはる	看守；监视	N2
みばえ	外观（视觉好看卖相）；卖相	N1
みひらく	睁大	N1
みぶり	姿态；肢体动作	N2
みぶん	身份；地位	N2
みほん	样品；榜样	N3
みまい	看望，问候	N4
みまう	探望；遭受	N2
みまもる	守望；注视	N2
みまわす	环视	N1
みまわる	巡视	N2
みまん	未满；不足	N2
みみ	耳朵	N5
みみなれる	听惯	N1
みむき	理睬；回头看	N1
みゃく	脉搏；脉络	N2
みゃくらく	脉络；上下文	N1
みやげ	特产；礼物	N4
みょうごにち	后天（正式）	N3
みょうじ	姓	N3
みらい	未来，将来	N3
みりょく	魅力	N2
みる	看（书、电影）	N5
みわけ	辨别；区别	N2
みわける	辨认	N2
みわたす	远望；环视	N2
みんか	民宅；普通住宅	N2
みんかん	民间；私营	N1
みんしゅ	民主	N2
みんしゅう	民众，群众	N1
みんぞく	民族	N2
みんな	大家	N5
みんわ	民间故事	N1
む	无，没有	N4
むいか	六天；六号	N5
むいしき	无意识的	N2
むいみ	无意义的	N1
むえん	无缘的；无关的	N2
むかい	正对面（隔街、隔桌）	N3
むかいあう	面对面；彼此正面相对	N3
むかう	面向；朝，前往；迎来	N3
むかえる	迎接；迎来	N4
むかし	过去，以前	N4
むかしばなし	传说，故事	N2
むかつく	反胃；生气	N2
むかんけい	无关的	N2
むかんしん	漠不关心的	N1
むがい	无害的	N1
むがむちゅう	拼命，忘我	N1
むき	朝向；方向；适合……；面向……；倾向	N3
むきあう	正面面对；认真应对	N3
むきだし	裸露的；赤裸裸的	N1
むきりょく	无力的；没精神	N1
むぎ	麦，麦子	N1
むく	（方向、工作）朝向；适合	N3
むくい	报应；回报	N1
むくう	报答；报复	N1
むくち	沉默寡言的	N2
むける	朝向（目光、方向）；派遣	N3
むげん	无限的	N2
むこう	对面；那边；对方	N5
むこうがわ	另一侧；对方那边	N2
むざん	凄惨的	N1
むし	虫子	N4
むしあつい	闷热的	N2
むしかえす	重新提起；再加热	N1
むしくい	虫蛀	N1
むしば	蛀牙，龋齿	N3
むしゃくしゃ	烦躁；憋闷	N1
むしょう	无偿；免费	N1
むしょく	无色；中正	N1
むしろ	反而；宁可	N2
むしん	天真；心无杂念；无心；无知觉	N1
むじ	素色；无图案	N2
むじつ	无罪；清白；诬告；缺乏事实；空洞	N1
むじゃき	天真的；单纯的	N1
むじゅうりょく	无重力	N2
むじゅん	矛盾	N2
むじょうけん	无条件	N2
むじんとう	无人岛	N1
むすう	无数的	N2
むすこ	儿子	N4
むすび	结尾；连接；结；打结	N3
むすびつき	联系；纽带	N1
むすびつく	联系起来	N2
むすびつける	联系；系上；结合，联结	N2
むすぶ	连接；系上	N3
むすめ	女儿	N4
むずかしい	困难的	N5
むせきにん	不负责任的	N2
むそう	梦想；空想	N1
むぞうさ	随意的；不经意的	N1
むだ	徒劳的	N3
むだづかい	浪费（乱花钱）；乱花钱	N1
むだん	擅自，私自	N2
むち	无知的	N1
むちゅう	着迷的	N3
むっつ	六个；六岁	N5
むっと	闷热地；怒气冲冲	N1
むなしい	空虚的；徒劳的	N1
むね	胸；心里	N4
むねん	遗憾的；懊悔的	N1
むのう	无能的	N1
むぼう	鲁莽的；无谋的	N1
むぼうび	毫无防备的	N1
むめい	无名的；匿名	N1
むめんきょ	无执照	N1
むやみ	胡乱的；过度的	N1
むよう	无用的；不必	N2
むら	村庄，农村	N4
むらさき	紫草；紫色	N2
むり	勉强；不行	N4
むりやり	勉强，强迫	N2
むりょう	免费	N3
むりょく	无力的	N2
むれ	群；群体	N2
むれる	成群；扎堆	N1
むろん	当然；不用说	N1
め	眼睛	N5
めあたらしい	新奇的	N2
めあて	目标（目的）；目的	N2
めい	名～；著名的～	N4
めいあん	明暗；光影	N1
めいかい	明快的；清晰的	N1
めいかく	明确的	N2
めいき	名器；珍贵器物	N2
めいきょく	名曲	N1
めいさく	名作	N2
めいさん	名产，特产	N2
めいさんひん	名产	N3
めいし	名片	N3
めいしょ	名胜古迹	N2
めいしょう	名称；称呼	N1
めいじ	明治	N2
めいじる	命令；任命	N2
めいじん	名人；高手	N2
めいちょ	名著	N2
めいはく	明显的	N1
めいぶつ	名产；特色	N2
めいぼ	名簿，名册	N2
めいもん	名门，世家	N2
めいよ	名誉；荣誉	N1
めいりょう	清楚的	N2
めいれい	命令	N4
めいろ	迷路；迷宫	N1
めいわく	麻烦的；添麻烦的	N3
めうえ	上级；长辈	N2
めがね	眼镜	N5
めきめき	显著地；迅速地	N1
めくる	翻起；揭开	N2
めぐまれる	受到恩惠；富有	N2
めぐみ	恩惠（自然神灵恩泽）	N2
めぐる	巡游；围绕	N2
めさき	眼前；当前利益	N1
めざす	以……为目标	N2
めざまし	闹钟	N3
めざましい	显著的；惊人的	N1
めざめる	睡醒；觉醒；醒悟	N3
めしあがる	享用（敬）	N3
めしたき	做饭；炊事	N1
めじるし	记号，标记	N2
めす	雌，牝，母	N1
めずらしい	稀有的；少见的	N4
めせん	视线；观点	N1
めそめそ	低声哭泣	N1
めだつ	显眼；引人注目	N2
めだま	眼球；亮点	N1
めっきり	显著，明显	N1
めったに	很少；不常	N2
めつぼう	灭亡	N1
めでたい	吉祥的；可喜的	N3
めでる	欣赏；疼爱	N1
めど	目标，头绪	N1
めのまえ	眼前（就在面前）；迫在眉睫	N3
めばえ	发芽（萌芽）；萌芽	N2
めばえる	萌芽；产生	N2
めぼしい	值得注意的；显眼的	N1
めまぐるしい	瞬息万变的	N1
めやす	标准；大致目标	N1
めりはり	张弛；层次	N2
めん	面条	N2
めんえき	免疫；免疫接种；对某事习以为常；不受影响	N1
めんかい	见面，会面	N1
めんきょ	许可；执照	N3
めんきょしょう	许可证；执照	N3
めんしき	认识	N1
めんじょ	免除，豁免	N1
めんせき	面积	N2
めんせつ	面试	N3
めんだん	面谈，面洽	N1
めんどう	麻烦；费事；困难；照料；照顾	N3
めんどうくさい	麻烦的	N1
めんみつ	细致的；周密的	N1
も	居丧，服丧	N1
もう	已经；不再	N5
もういちど	再次	N5
もうかる	赚钱（获得利润）；获利	N2
もうける	设置；设立	N2
もうしあげる	禀告；说（谦）	N3
もうしこみ	申请；报名	N3
もうしこみしょ	申请书	N4
もうしこむ	申请；报名	N3
もうしでる	提出（请求、申请）；主动告知	N2
もうしょ	炎热，酷暑	N1
もうしわけ	道歉；借口	N3
もうしわけない	抱歉的	N3
もうじゃ	死者；鬼；利欲熏心的人；执迷于金钱或权力的人	N1
もうす	称为；说（谦让语）	N4
もうすぐ	马上就要	N5
もうすこし	再一点	N5
もうせい	深刻反省	N1
もうどうけん	导盲犬	N1
もうふ	毛毯，毯子	N3
もうもく	盲目；盲信；鲁莽	N1
もうら	包罗，收罗	N1
もうれつ	猛烈的	N1
もえる	（木柴、房屋）燃烧；充满	N3
もがく	挣扎	N1
もぎ	模拟	N1
もくげき	目击	N1
もくさん	估计；打算	N2
もくざい	木材	N2
もくじ	目录	N1
もくする	保持沉默	N1
もくせい	木制	N2
もくぜん	眼前	N2
もくぞう	木造；木制	N2
もくてき	目的	N3
もくてきち	目的地	N2
もくどく	默读	N1
もくひょう	目标，指标	N3
もくもく	默默地；滚滚地	N1
もくようび	周四	N5
もくろむ	谋划	N1
もぐる	潜入；潜水；躲入，钻进	N2
もけい	模型	N2
もさく	摸索，探寻	N2
もし	如果，假如	N4
もしかしたら	或许，可能	N3
もしかして	如果（连接）；可能	N3
もしかすると	或许；说不定	N3
もしくは	或者	N2
もしも	万一，倘若	N5
もしもし	喂（电话）	N5
もじ	文字	N3
もたもた	慢吞吞；拖拉	N2
もたらす	带来；造成	N2
もたれる	倚靠；不消化	N2
もち	持有；使用；持有者；耐久性；寿命；承担费用	N3
もちあげる	抬起（重物）；奉承	N1
もちあるく	随身携带	N3
もちいる	使用；采用	N2
もちかえり	外带；带回	N3
もちかえる	带回	N3
もちかける	提议；提出话题	N1
もちこむ	带入；带进，携入；提出（意见、问题等）	N2
もちだす	带出；提出	N1
もちなおす	恢复；好转	N1
もちぬし	所有者；主人	N2
もちはこび	搬运，携带	N3
もちはこぶ	搬运；携带	N1
もちまえ	天赋；特长	N1
もちもの	随身物品	N3
もちろん	当然	N4
もっか	目前；眼下	N1
もったいない	可惜的；浪费的	N3
もっていく	带走	N4
もってくる	带来	N4
もっと	更加	N5
もっとも	最，第一	N5
もっともらしい	似乎合理的；煞有介事	N1
もっぱら	专门；主要	N1
もつ	拿着；带着；拥有，持有	N5
もてあそぶ	玩弄；摆弄	N1
もてあます	无法处理；闲得发慌	N1
もてなし	款待；招待	N1
もてなす	款待；招待	N2
もてる	受欢迎；受异性欢迎	N2
もと	原来；起点	N2
もとづく	依据；基于	N3
もとで	本钱，本金	N1
もとめる	寻求；要求	N2
もともと	原来，本来	N3
もとより	本来（起初、更不用说）；更不用说	N2
もどかしい	焦急的；令人着急	N1
もどす	放回；归还，恢复；使……倒退	N4
もどる	（人、物）返回；恢复	N4
もの	东西，物品	N5
ものいい	说法（说话方式也）；异议	N1
ものおき	储藏室	N1
ものおじ	胆小，胆怯	N1
ものおと	响动，声音	N1
ものかげ	物体后面；阴影处	N1
ものがたり	故事；传说	N3
ものがたる	讲述（书面）；说明	N1
ものごと	一切事物	N2
ものさし	尺子；标准	N2
ものしり	博学的人	N1
ものすごい	惊人的；非常厉害	N1
ものたりない	不够满足的	N2
もののけ	妖怪，鬼怪（古典文学鬼怪）	N1
ものまね	模仿；模仿秀	N1
ものみ	眺望；瞭望	N1
もはや	如今已不再；已经	N2
もはん	模范；范例	N2
もほう	模仿	N1
もみじ	红叶	N2
もむ	揉；搓；揉皱；按摩；争论；激烈讨论	N1
もめる	发生争执	N1
もも	桃子	N2
もやす	使燃烧；激发	N1
もやもや	郁闷；模糊不清	N2
もよう	花纹；样子	N1
もよおし	活动；集会	N2
もよおす	举办；感到	N2
もより	最近处；附近	N2
もらう	得到；收到	N5
もり	森林	N5
もりあがる	高涨；热闹起来	N2
もりこむ	纳入；加入	N1
もりつけ	装盘摆设	N1
もれる	漏出；泄露	N2
もろい	脆弱的；易碎的	N1
もろもろ	诸多，许多	N1
もん	大门	N4
もんく	词句；牢骚	N3
もんごん	措辞；词句；文言文；传统书面汉语	N1
もんだい	问题；题目	N5
やあ	嗨；喂	N1
やおや	蔬菜水果店	N5
やかましい	吵闹的（强硬）；烦人的	N2
やかん	夜间，夜晚	N2
やがい	野外，户外	N2
やがて	不久（过一段时间后）	N2
やきそば	炒面	N3
やきとり	烤鸡肉串	N2
やきにく	烤肉	N1
やきゅう	棒球	N4
やきゅうじょう	棒球场	N4
やきん	夜班	N2
やぎ	山羊	N2
やく	烤（鱼、面包）；烧	N4
やくいん	干部；董事	N1
やくがら	角色；身份	N1
やくざい	药，药剂	N1
やくしゃ	演员；人物	N1
やくしょ	官署，机关	N3
やくしょく	职位；职务	N1
やくしん	跃进；飞跃发展	N1
やくす	翻译	N2
やくそく	约定；规则	N4
やくだつ	（经验、工具）有用	N2
やくだてる	加以利用（知识、经验）	N2
やくどう	跃动；充满活力	N1
やくにたつ	有用；派上用场	N4
やくひん	药品；化学品	N2
やくめ	职责；作用	N2
やくわり	任务，作用	N2
やけい	夜景	N1
やけど	烧伤，烫伤	N2
やける	（鱼、面包）烤熟；燃烧；烧成	N3
やこうせい	夜行性；夜行的	N2
やさい	蔬菜	N5
やさしい	温柔的；和蔼的	N5
やしき	宅邸；房屋	N1
やしなう	养育；培养	N2
やしん	野心，抱负	N1
やじるし	箭头符号	N1
やす	低……	N1
やすい	便宜的	N5
やすっぽい	廉价的；俗气的	N1
やすね	廉价，贱价	N2
やすみ	休息；假日	N5
やすむ	（人、学生）休息；睡觉；缺席	N5
やすめる	让休息；使休息；使平静	N3
やすもの	便宜货	N1
やすらか	安详的；平静的	N1
やすらぐ	感到安宁	N1
やせい	野生	N2
やせおとろえる	瘦弱下去	N1
やせる	变瘦	N3
やたい	摊位；小吃摊	N1
やたら	过分地；胡乱地	N1
やちょう	野鸟，山鸟	N2
やちん	房租	N3
やっかい	麻烦的；难对付	N2
やっき	拼命的；急于	N2
やっきょく	药店	N3
やった	太好了；干得好	N3
やっつ	八个；八岁	N5
やってくる	来到；赶来	N2
やっと	终于（费力之后）	N5
やっぱり	果然；还是	N4
やつ	家伙；东西；他；她	N2
やつれる	变憔悴	N1
やとう	雇用	N2
やどす	容纳；含有；怀有；承载；怀胎	N1
やね	屋顶，房顶	N3
やはり	果然；还是	N4
やぶる	撕破（主动）；损坏、违规；破纪录	N3
やぶれる	撕破（自行）；打破；决裂	N3
やま	山	N5
やまおく	深山里	N1
やまごや	山间小屋	N1
やまざと	山村；山中村落	N1
やまなみ	山脉，连山	N1
やまのぼり	爬山，登山	N3
やまはだ	山的地表	N1
やまば	高潮；关键场面	N1
やまほど	大量；多得很	N2
やまみち	山路	N3
やまやま	群山；很想	N1
やみ	黑暗；暗处	N2
やみくも	盲目地；不顾一切地	N2
やむ	停止（雨、风等停下）	N3
やむをえない	不得已的	N2
やめる	辞掉；停止	N4
やや	稍微，一点（程度略微）	N2
ややこしい	复杂的；麻烦的	N1
やゆ	揶揄；嘲弄	N1
やられる	被打败；受害	N1
やりかた	做法，方法（做事方法）	N4
やりがい	值得做	N2
やりきれない	无法完成；受不了	N1
やりくり	安排周转；精打细算	N1
やりすごす	应付过去；让后来的人先走；做得过头	N1
やりとおす	坚持做完	N1
やりとげる	完成	N1
やりとり	往来；交换	N2
やりなおす	重做	N3
やりぬく	坚持做完	N2
やる	做（口语）；给	N5
やるき	干劲	N2
やわらかい	柔软的	N3
やわらぐ	（疼痛、气氛）缓和	N1
やわらげる	缓和（疼痛、语气）；使柔和	N1
やんわり	柔和地；委婉地	N1
ゆ	热水；洗澡水	N4
ゆいいつ	唯一	N2
ゆいしょ	来历；渊源	N1
ゆう	梳扎；系结	N2
ゆうい	优势；优越地位	N1
ゆういぎ	有意义的	N2
ゆういん	引诱	N1
ゆううつ	忧郁的	N2
ゆうえい	游泳；处世	N1
ゆうえき	有益的	N1
ゆうえんち	游园地	N3
ゆうかん	晚刊，晚报	N2
ゆうが	优雅的	N1
ゆうがい	有害的	N2
ゆうがた	傍晚	N5
ゆうき	勇气	N2
ゆうぐれ	黄昏，傍晚	N1
ゆうげん	有限的	N2
ゆうこう	有效的	N2
ゆうごう	融合	N1
ゆうし	有史以来	N2
ゆうしゅう	优秀的	N2
ゆうしょう	获胜；冠军	N3
ゆうしょく	晚饭，晚餐	N4
ゆうじょう	友情，友谊	N3
ゆうじん	友人，朋友	N4
ゆうすう	屈指可数的	N1
ゆうずう	变通；通融	N1
ゆうせい	占优势的	N1
ゆうせん	优先	N2
ゆうそう	邮寄，邮递	N3
ゆうだい	雄伟的；宏大的	N1
ゆうだち	骤雨；雷阵雨	N2
ゆうち	招致；吸引	N1
ゆうどう	引导，诱导	N1
ゆうどく	有毒的	N1
ゆうのう	有才能的	N1
ゆうはつ	引起，诱发	N1
ゆうはん	晚饭	N3
ゆうひ	夕阳	N3
ゆうび	优美的	N1
ゆうびん	邮政，邮件	N5
ゆうびんきょく	邮局	N5
ゆうべ	昨晚	N5
ゆうほどう	散步道	N1
ゆうめい	有名的	N5
ゆうめいじん	名人	N1
ゆうやけ	晚霞	N3
ゆうり	有利的	N2
ゆうりょう	收费	N3
ゆうりょく	有力的；有希望	N2
ゆうりょくしゃ	有势力者	N2
ゆうれつ	优劣	N1
ゆえに	所以，故而	N2
ゆえん	原因，理由	N3
ゆか	地板，地上	N4
ゆかい	愉快的	N2
ゆかた	浴衣（日式夏季和服）；浴袍	N3
ゆかり	因缘，关系	N1
ゆがみ	歪曲；变形	N2
ゆがむ	歪曲；变形	N1
ゆがめる	歪曲；弄弯	N1
ゆき	雪	N5
ゆきかう	往来；交错	N1
ゆきげしき	雪景	N1
ゆきずり	偶然相遇；路过	N2
ゆきわたる	遍及	N1
ゆくえ	去向；下落	N2
ゆくさき	目的地；去向	N2
ゆくすえ	将来，前途	N1
ゆくて	前方；去路	N1
ゆさぶる	摇晃（用力）；大幅摇动，摇晃；震惊，使……动摇	N1
ゆさん	出去游玩	N1
ゆしゅつ	出口；出口贸易	N4
ゆずりあう	互相礼让	N1
ゆずる	让给；转让；谦让	N2
ゆそう	输送，运输	N2
ゆたか	富足的；丰富的	N2
ゆだねる	委托；交给	N1
ゆだん	疏忽；大意	N2
ゆっくり	慢慢；充分	N5
ゆったり	宽松地；悠闲地	N2
ゆでる	煮（沸水）；焯水	N3
ゆとり	余裕；宽裕	N1
ゆにゅう	进口	N4
ゆび	手指，脚趾	N4
ゆびさき	指尖；手指；脚趾尖；脚趾	N1
ゆびさす	用手指	N2
ゆびわ	戒指	N3
ゆめ	梦	N4
ゆめにも	做梦也；丝毫也	N1
ゆめみる	做梦；幻想	N2
ゆらい	由来；起源	N1
ゆらぐ	（招牌、信念）摇晃；动摇；岌岌可危	N1
ゆりかご	摇篮	N1
ゆるい	松的；宽松的	N3
ゆるがす	撼动（社会、信念）	N1
ゆるぎない	坚定不移的	N1
ゆるす	原谅；允许	N3
ゆるむ	变松；松弛；疏忽	N1
ゆるめる	放松（肌肉、肩膀）；放慢；疏忽	N1
ゆるやか	缓慢的；宽松的	N2
ゆれうごく	摇晃（物理）；动摇（心情）	N1
ゆれる	摇晃；动摇	N3
よい	好的、优秀；亲近、没关系；确实	N5
よう	用途	N4
ようい	准备，预备	N4
よういく	养育，抚养	N2
よういん	主要原因	N2
ようか	八天；八号	N5
ようかん	西方式建筑	N1
ようが	西洋画；外国电影	N1
ようがし	西式点心	N3
ようき	容器	N3
ようきゅう	要求；需要	N2
ようぐ	用具，工具	N3
ようけん	事情；要办的事	N2
ようこう	阳光，日光	N2
ようこそ	热烈欢迎	N3
ようご	用语，术语	N2
ようし	用纸；表格	N3
ようしき	西式	N3
ようしょ	要点；关键处	N2
ようしょう	幼年时期	N1
ようしょく	西餐	N3
ようじ	事情；事务	N4
ようじん	注意，小心	N2
ようす	样子；情况	N3
ようする	需要	N2
ようするに	总之（把内容归纳）；简言之	N2
ようせい	培训，培养	N2
ようそ	要素，因素	N2
ようそう	样貌；局面	N1
ようたし	办事；方便	N1
ようちえん	幼儿园	N3
ようちゅう	幼虫	N1
ようちゅうい	需要注意	N1
ようてん	要点；重点	N2
ようと	用途	N2
ようにん	容忍；认可	N1
ようは	要点是；总之	N3
ようひん	用品	N3
ようび	星期	N5
ようふう	西式	N1
ようふく	西式服装；衣服	N5
ようぶん	养分	N2
ようぼう	要求；愿望	N1
ようやく	总算	N3
ようりょう	用量	N3
よかん	预感	N2
よき	预期，预料	N2
よく	常常；好好地	N5
よくあさ	翌日早晨	N3
よくあつ	压抑；压制	N1
よくしゅう	下周，翌周	N3
よくじつ	第二天	N3
よくせい	抑制，制止	N1
よくねん	第二年	N3
よくばり	贪心的	N2
よくばる	贪心；贪多	N1
よくぼう	欲望	N1
よくも	居然，竟敢	N2
よくよう	抑扬	N1
よくよく	仔细地（反复）；深思熟虑地	N1
よけい	多余的；过分的	N2
よげん	预言	N1
よこ	横向；旁边；躺下（横卧）	N5
よこがお	侧脸；侧面	N1
よこす	寄来；递给	N1
よこどり	抢，抢夺	N2
よこばい	横向爬行；叶蝉；持平；趋于稳定	N1
よこめ	斜视，侧视	N1
よごす	弄脏	N3
よごれ	污垢，脏污	N3
よごれる	变脏	N4
よさん	预算	N2
よしあし	好坏；优劣	N1
よしゅう	预习	N3
よせ	寄席；演艺场	N1
よせい	余生	N1
よせる	使…靠近（椅子、身体）；聚集	N2
よせん	预选，预赛	N2
よそ	别处；他人	N2
よそう	预想，预料	N3
よそうがい	出乎意料的	N3
よそおい	装束；外表	N1
よそおう	装扮；假装	N1
よそく	预料，预测	N2
よそみ	东张西望（把视线移向）；看向别处	N1
よぞら	夜空	N2
よだれ	口水	N1
よだん	预先判断	N1
よち	余地	N1
よっか	四天；四号	N5
よっきゅう	欲求，欲望	N2
よっきゅうふまん	欲求不满	N1
よっつ	四个；四岁	N5
よてい	预定，计划	N4
よなか	深夜，半夜	N3
よのなか	世间，社会	N2
よは	余波；影响	N1
よび	备用；预备	N2
よびおこす	唤起；叫醒	N1
よびかけ	呼喊；招呼	N3
よびかける	呼喊；招呼；呼吁；劝告；号召	N3
よびこむ	招来	N2
よびとめる	叫住	N2
よびな	称呼；叫法	N2
よびよせる	叫来	N1
よぶ	叫；呼唤、叫来；叫作、邀请	N5
よぶん	多余的	N1
よほう	预报；预测	N3
よほど	相当；很	N2
よぼう	预防	N2
よみあげる	朗读；读完	N2
よみかえす	重读	N2
よみかき	读写	N2
よみかた	读法，念法	N4
よみがえる	复苏；复活	N1
よみこむ	读入；彻底读懂；（电脑）导入数据	N2
よみて	读者（接收表达的一方）；解读者	N2
よみとる	读懂；看透；（电脑）读取	N2
よみもの	读物	N1
よむ	阅读；看	N5
よやく	预约	N4
よゆう	从容；富余	N2
より	与……相比	N5
よりかかる	倚靠（靠着或依赖）；依靠	N2
よりそう	靠近（贴近陪伴）	N1
よりみち	顺路去	N2
よりょく	余力	N1
よる	晚上，夜间	N5
よるべ	依靠；靠山	N1
よろこばしい	令人高兴的	N1
よろこび	喜悦；恭喜	N2
よろこぶ	高兴；喜悦	N4
よろしい	可以的；好的	N4
よろしく	请多关照	N5
よろしくおねがいします	请多关照	N4
よろん	社会舆论	N1
よわい	弱的	N4
よわき	怯弱的	N1
よわね	泄气的话	N1
よわまる	（风、力量）变弱	N2
よわみ	弱点，缺点（弱点）	N1
よわめる	减弱（声音、灯光）	N1
よわよわしい	软弱的；无力的	N2
よわる	变弱（身体衰弱）；软弱，衰弱；为难，尴尬	N2
よん	四	N5
らいう	雷雨	N1
らいきゃく	来客	N1
らいげつ	下个月	N5
らいしゅう	下周	N5
らいしゅん	明年春天	N1
らいじょう	出席，到场	N2
らいてん	到店；光临	N3
らいにち	来日；访日	N3
らいねん	明年	N5
らいほう	来访	N1
らく	轻松的	N4
らくがき	涂鸦；乱写	N1
らくご	单口相声	N2
らくせん	落选	N1
らくたん	沮丧	N1
らくてんてき	乐观的	N2
らくのう	乳畜业	N1
らくよう	落叶	N1
らっか	落下，掉下	N1
らっかんてき	乐观的	N2
らん	栏，专栏	N2
らんぼう	粗暴的；蛮横的	N2
らんよう	滥用，挪用	N1
りえき	利益；好处	N2
りか	理科	N3
りかい	理解；体谅	N2
りがい	利害，得失	N1
りき	利器；有力工具	N1
りきし	相扑力士	N1
りきてん	着力点；重点	N1
りきむ	用力；虚张声势，逞强	N2
りきりょう	能力；本领	N1
りく	陆地，旱地	N1
りくじょう	陆上；田径	N2
りくつ	道理；理论	N2
りくつっぽい	爱讲道理的；理论化的	N1
りけい	理科	N2
りこう	聪明的；机灵的；乖巧的；听话的	N2
りこん	离婚	N1
りしゅう	修读；完成课程	N1
りせい	理性	N2
りせいてき	理性的	N1
りそう	理想	N3
りちぎ	守规矩的；认真	N1
りっこうほ	参选；竞选	N1
りったい	立体	N1
りっぱ	出色的	N4
りつ	……率	N2
りつあん	立案；拟定计划	N1
りてん	长处，优点	N2
りねん	理念；信条	N1
りめん	背面；内情	N2
りゃくす	省略	N2
りゅうい	留心，注意	N1
りゅうがく	留学	N5
りゅうがくせい	留学生	N5
りゅうこう	流行；盛行	N3
りゅうしゅつ	流出；外流	N1
りゅうじょう	颗粒状的；颗粒化的	N1
りゅうちょう	流畅的	N1
りゅうつう	流通	N1
りゅうにゅう	流入	N1
りゅうは	流派，门派	N1
りゆう	理由	N4
りょう	两边；双方；（车辆）辆；（车厢）节	N4
りょういき	领域	N2
りょうかい	了解；明白	N2
りょうがえ	换钱；兑换	N3
りょうきょく	两极；两个极端	N1
りょうきん	使用费	N4
りょうこう	良好的	N2
りょうこく	两国	N2
りょうし	渔民，渔夫	N3
りょうしつ	优质的	N1
りょうしゃ	两者，双方	N2
りょうしゅうしょ	收据；付款凭证	N3
りょうしょ	良书，好书	N1
りょうしょう	知悉；同意	N2
りょうしん	双亲，父母	N5
りょうせい	良性	N2
りょうたん	两端	N2
りょうて	双手，两手	N4
りょうぶん	领域；本分	N1
りょうほう	两者，双方	N4
りょうめん	两面；双方	N2
りょうよう	两用	N1
りょうり	料理	N5
りょうりつ	并存，兼顾	N2
りょかん	日式宾馆	N4
りょくいん	绿阴	N1
りょくち	绿地，公园	N3
りょくちゃ	绿茶	N2
りょこう	旅行	N5
りょこうがいしゃ	旅行社	N3
りよう	利用，使用	N4
りれき	履历；记录	N2
りれきしょ	简历	N2
りろん	理论	N2
りんかく	轮廓；概要	N1
りんきおうへん	随机应变的	N1
りんぎょう	林业	N2
りんご	苹果	N5
りんしょう	临床	N1
りんじ	临时，暂时	N2
りんじん	邻居	N2
りんせつ	邻接，毗连	N1
りんり	伦理；道德	N2
るいけい	类型	N1
るいじ	类似，相似	N1
るいじんえん	类人猿	N1
るいすい	类推；推测	N2
るす	不在家	N4
るすばん	留守；看家	N3
るふ	散布，传播	N1
れい	例子	N4
れいがい	例外	N2
れいきゃく	冷却；冷静	N1
れいぎ	礼貌，礼节	N2
れいぎただしい	有礼貌的	N2
れいさい	零碎的；小规模的	N1
れいすい	冷水	N2
れいせい	冷静的	N2
れいぞう	冷藏	N4
れいぞうこ	冰箱	N5
れいたん	冷淡的	N1
れいとう	冷冻	N3
れいねん	通常年份；往年；每年；一年一度	N1
れいぶん	例句	N3
れいぼう	冷气；空调	N2
れきし	历史	N4
れきぜん	明显；清楚	N1
れっか	劣化；恶化	N1
れっきょ	列举	N2
れっしゃ	列车，火车	N3
れっせい	处于劣势的	N1
れっとう	列岛，群岛	N1
れつ	队列	N3
れんあい	爱情，恋爱	N2
れんかん	关联	N1
れんが	砖，砖块	N1
れんきゅう	连休	N3
れんけい	合作	N1
れんけつ	联结，连接	N2
れんさ	连锁	N1
れんさい	连载	N1
れんしゅう	练习	N5
れんじつ	连日；接连几天	N1
れんそう	联想	N1
れんぞく	连续；接连	N2
れんたい	团结；连带	N1
れんたいかん	凝聚力	N1
れんちゅう	伙伴，同伙	N1
れんどう	联动；连带动作	N1
れんま	磨炼，锻炼	N1
れんらく	联系，联络	N4
れんらくさき	联系方式	N3
ろうえい	泄漏	N1
ろうか	走廊	N4
ろうきゅう	老朽；陈旧	N1
ろうく	劳苦，辛苦	N1
ろうご	晚年，老年	N1
ろうじょう	闭门固守；困守	N1
ろうじん	老人	N2
ろうそく	蜡烛	N3
ろうどう	劳动，工作	N2
ろうどうしゃ	劳动者	N2
ろうどく	朗读，朗诵	N1
ろうにゃくなんにょ	男女老少	N1
ろうひ	浪费，糟蹋	N1
ろうほう	好消息	N1
ろうぼく	老树，古树	N1
ろうりょく	劳力；精力	N1
ろか	过滤	N1
ろく	六	N5
ろくおん	录音	N3
ろくが	录像	N1
ろくがつ	六月	N5
ろくに	不充分地；像样地	N1
ろこつ	露骨的；直白的	N1
ろしゅつ	露出；曝光	N1
ろじょう	路上，街上	N1
ろじん	鲁迅	N3
ろせん	路线；线路；方针；路线方向	N1
ろめん	路面	N1
ろん	论点；理论	N2
ろんきょ	论据	N1
ろんし	论点	N1
ろんしょう	论证	N1
ろんじる	论述；讨论	N1
ろんせつ	评论，社论	N1
ろんせん	论战	N2
ろんそう	争论，争辩	N2
ろんてき	论敌	N1
ろんてん	论点	N2
ろんぶん	论文	N3
ろんり	道理，逻辑	N2
ろんりてき	有逻辑的	N2
わ	和；日本风	N4
わあ	哇	N3
わか	和歌	N1
わかい	年轻的；嫩的	N5
わかぎ	小树，幼树	N1
わかす	烧开；使……沸腾	N1
わかて	年轻人；新秀	N1
わかもの	年轻人	N3
わかり	理解；明白	N3
わかる	明白；懂	N5
わかれ	离别；分手	N3
わかれみち	岔路；关键选择	N1
わかれる	分别；分手	N4
わかわかしい	年轻的（强调）；有朝气	N2
わが	我的；我方的	N2
わがくに	我国；日本	N2
わがし	日式点心	N3
わがまま	任性的	N2
わがみ	自己	N1
わがや	我家；自己的家	N1
わき	旁边；腋下	N2
わきでる	涌出（从内部大）；喷出，涌出；涌现	N2
わきまえる	懂得；分辨	N2
わきみち	岔道；歧途	N2
わく	（水、汤）沸腾；烧开；激动，兴奋	N3
わくぐみ	框架；结构	N2
わくせい	行星	N1
わくわく	兴奋；期待	N2
わけ	道理；缘故	N3
わけあたえる	分给	N1
わける	分开（东西、组）；划分，分类；分配	N4
わさび	芥末；山葵	N1
わざと	故意	N2
わざわい	灾难，灾祸	N1
わざわざ	特意；故意	N2
わし	日本纸	N2
わしつ	日式房间	N3
わしづかみ	一把抓住	N1
わしょく	日式饭菜	N4
わすれもの	遗忘物；忘带的东西	N4
わすれる	忘记	N5
わずか	仅；微少的	N2
わずらわしい	麻烦的；烦琐的	N1
わたくし	我（郑重）	N3
わたげ	绒毛	N2
わたし	我	N5
わたす	交给（文件、礼物）；交，给；渡过	N5
わたり	渡过；通行；进口；迁徙；流浪者	N1
わたりどり	候鸟	N1
わたる	（人、船）渡过	N5
わだい	话题	N2
わな	陷阱（捕捉用圈套）；圈套	N1
わび	道歉，赔罪	N2
わびる	道歉	N1
わらい	笑；嘲笑	N3
わらいごえ	笑声	N1
わらう	笑；嘲笑	N5
わらわせる	逗笑；使发笑；令人看不起	N3
わり	比例（份额）；份额	N2
わりあい	比例	N3
わりあて	分配，分摊	N1
わりあてる	分配	N1
わりきる	想开；（除法）除尽	N1
わりこむ	插入；插队	N2
わりだか	偏贵的	N2
わりと	比较；相对	N2
わりに	比；相对	N2
わりびき	打折	N3
わりびく	打折；低估，打折扣	N3
わりふる	分派	N1
わる	打破；分割、弄碎；兑水、除法	N3
わるい	坏的；对不起	N4
わるくち	坏话	N2
われ	自己，自身	N1
われる	（玻璃、盘子）裂开；分裂	N3
われわれ	我们	N2
わん	碗，木碗	N2
アイス	冰；冰激凌	N3
アイスクリーム	冰淇淋	N4
アイデア	想法，主意（具体创意）	N4
アイドル	偶像	N3
アイロン	熨斗	N2
アウト	出局；外面	N2
アウトプット	输出；成果	N2
アクション	行动；动作	N2
アクセサリー	饰品；配件	N2
アクセス	访问；进入	N3
アクセル	油门；加速器	N2
アシスタント	助手，助理	N1
アジア	亚洲	N3
アスファルト	沥青，柏油	N1
アップ	上升；增加；提高；领先；结束	N3
アドバイス	劝告，建议	N3
アドレス	地址，住址	N3
アナウンサー	播音员	N4
アナウンス	广播	N3
アナログ	模拟	N1
アニメ	动画	N3
アパート	公寓	N5
アピール	吸引力；呼吁	N2
アフリカ	非洲	N2
アプローチ	接近；研究	N2
アポイントメント	约定	N2
アマチュア	业余爱好者	N2
アメリカ	美洲；美国	N3
アメリカじん	美国人	N5
アルバイト	兼职；打工	N4
アルバム	相册	N3
アルファ	阿尔法；首要者	N2
アルファベット	字母表	N2
アレルギー	过敏	N3
アレンジ	安排；改编	N2
アングル	角度（拍摄、视角）；切入点	N1
アンケート	问卷调查	N3
アンテナ	天线；收集信息或意见的渠道；敏锐的感知力	N2
アーティスト	艺术家（可指流行艺）；艺人	N2
イギリス	英国	N1
イコール	等于；等号	N1
イタリア	意大利	N3
イチゴ	草莓	N5
イデオロギー	意识形态	N1
イベント	活动；比赛	N2
イメージ	印象，形象	N3
イヤリング	耳环	N1
イラスト	插图	N2
イラストレーター	插画家	N1
インク	墨水	N3
インスタント	即席的；速成的	N1
インストラクター	指导员；教练	N2
インストール	安装	N2
インスピレーション	灵感	N1
インセンティブ	激励；奖励	N1
インタビュー	采访，会见	N3
インターネット	互联网	N4
インターン	实习生	N2
イントネーション	语调	N1
インド	印度	N3
インパクト	冲击，影响	N2
インフォメーション	情报，信息	N3
インフルエンザ	流感	N2
インプット	输入；吸收	N2
ウィンドー	窗户（外来语）；橱窗	N1
ウイスキー	威士忌	N3
ウイルス	病毒	N3
ウエア	衣着，衣服	N1
ウエイト	重量；比重	N1
ウーロンちゃ	乌龙茶	N5
エアコン	空调	N5
エキスパート	专家；行家	N1
エコ	环保的；生态的；节能的	N2
エコノミー	经济舱；经济实惠	N2
エスカレーター	自动扶梯	N4
エッセンス	精髓；香精	N1
エッセー	随笔	N1
エネルギー	能源	N3
エピソード	插曲；轶事	N1
エプロン	西式围裙	N3
エリート	精英	N1
エレガント	优雅的	N1
エレベーター	电梯	N5
エレメント	要素；元素	N2
エンジニア	工程师	N4
エンジン	发动机	N3
エントリー	报名（参赛登记）；参赛	N1
オアシス	绿洲；慰藉之处	N1
オイル	油	N2
オフ	关掉，停止	N2
オフィス	办公室	N4
オリエンテーション	说明会；入门培训	N3
オリジナル	原创的	N2
オリンピック	奥运会	N3
オルガン	风琴；管风琴	N2
オレンジ	橙子，柑橘	N3
オンライン	在线	N2
オークション	拍卖	N1
オーケストラ	管弦乐团	N2
オーストラリア	澳大利亚	N1
オーストラリアじん	澳大利亚人	N4
オーダー	顺序；订货	N3
オートバイ	摩托车	N4
オーバー	过头的；超过	N3
オープン	开放的；开业的	N4
オーラ	气场，范儿	N2
カウンセラー	心理咨询师	N3
カウンセリング	心理咨询	N3
カウンター	计数器；柜台；吧台；酒吧柜台	N2
カジュアル	休闲的；随意的	N1
カセットテープ	盒式磁带	N3
カタログ	目录	N3
カット	切，剪	N3
カップ	杯子（带把手）；奖杯	N5
カップル	情侣；一对	N2
カバー	套子；弥补	N3
カフェ	咖啡馆	N3
カメラ	相机	N5
カメラマン	摄影师	N3
カラオケ	卡拉OK	N4
カラフル	色彩丰富的	N1
カラー	颜色；彩色	N2
カリキュラム	课程；课程表	N2
カルシウム	钙	N2
カルチャー	文化	N3
カレンダー	日历	N5
カレー	咖喱	N5
カレーライス	咖喱饭	N2
カロリー	卡路里	N3
カーテン	窗帘	N3
カード	卡，卡片	N4
カーナビ	车载导航	N1
カーブ	弯道；曲线	N3
ガイド	导游；引导	N3
ガイドブック	指南书	N3
ガイドライン	指南；准则	N1
ガス	气体；煤气	N3
ガソリン	汽油	N3
ガソリンスタンド	加油站	N3
ガム	口香糖	N4
ガラス	玻璃	N3
ガレージ	车库	N3
ガーデニング	园艺	N2
ガード	防护；守卫	N2
キッチン	厨房	N3
キャッチ	接住；吸引力	N2
キャッチフレーズ	宣传语；口号	N1
キャッチボール	传接球	N2
キャップ	帽子（特指）；上限	N1
キャビネット	柜子；设备外壳	N1
キャプテン	队长；船长	N2
キャベツ	卷心菜	N3
キャラクター	个性（人物角色）；人物	N1
キャリア	经历；职业生涯	N1
キャンセル	取消	N3
キャンバス	画布；帆布	N1
キャンパス	大学校园	N2
キャンプ	露营	N2
キロ	公里；公斤；千（前缀）	N3
キログラム	千克，公斤	N3
キロメートル	千米	N3
キープ	保持，保留	N1
キーボード	键盘	N3
キーワード	关键词	N1
ギター	吉他	N5
ギャップ	差距；落差	N2
ギャラリー	走廊；画廊；剧场楼座	N1
クイズ	小测验；竞猜	N3
クオリア	感质	N1
クッキー	曲奇饼干	N5
クッション	靠垫；缓冲	N2
クラシック	古典；古典的	N3
クラス	班级	N5
クラスメート	同班同学	N3
クラッシュ	撞击；崩溃	N2
クラブ	俱乐部	N4
クリア	清楚的（清晰、通过、清除）；通过	N2
クリスマス	圣诞节	N2
クリップ	夹子	N3
クリーニング	清洁；洗衣	N3
クリーム	奶油	N3
クレジットカード	信用卡	N4
クレヨン	蜡笔	N2
クレーム	投诉；索赔	N1
クレーン	起重机	N1
クーポン	优惠券	N1
クーラー	空调	N2
クール	凉爽的；冷静的；冷漠的；时髦的；帅气的	N1
グッズ	商品，货物	N2
グラウンド	运动场	N3
グラス	玻璃杯	N3
グラフ	数据图；曲线图	N3
グラム	克	N5
グランド	宏大，盛大	N3
グルメ	美食；美食家	N2
グループ	团体；小组	N4
グレー	灰色	N1
グローバル	全球的	N1
ケア	护理；照顾	N1
ケーキ	蛋糕	N5
ケース	情况（个案）；盒子	N3
ゲスト	客人；嘉宾	N2
ゲート	大门（入口闸门、检票口）	N1
ゲーム	游戏；比赛	N4
コアラ	考拉	N1
コイン	硬币，货币	N3
コスト	成本	N2
コック	厨师	N2
コップ	杯子	N5
コツ	要领，要害（办事窍门）	N2
コネ	门路，后门	N2
コピー	复印；复制	N5
コマーシャル	商业广告	N3
コミュニケーション	交流，沟通	N3
コメンテーター	评论员	N1
コメント	评论，说明	N2
コラム	专栏	N2
コレクション	收藏；系列	N2
コロッケ	可乐饼	N2
コンクリート	混凝土	N1
コンクール	比赛（评比竞赛）；竞赛	N2
コンサート	音乐会	N4
コンスタント	稳定的（持续一定水平）；持续的	N1
コンセンサス	共识	N1
コンセント	插座	N2
コンタクトレンズ	隐形眼镜	N1
コンテスト	竞赛，比赛	N2
コンテンツ	内容（偏向）；目录	N2
コンディション	状况（偏向）；条件	N1
コントラスト	对比，对照	N1
コントロール	控制；掌控	N2
コンドル	秃鹰	N2
コンパクト	紧凑的；小巧的	N1
コンビニ	便利店	N4
コンピューター	电脑	N4
コンプライアンス	合规；遵守	N1
コンプレックス	自卑感；情结	N2
コンマ	逗号；小数点	N1
コース	路线（赛道、路程）；课程；套餐	N3
コーチ	教练；指导	N2
コーディネート	搭配，组合（服饰）	N1
コート	外套；球场	N5
コーナー	角落；专区	N3
コーヒー	咖啡	N5
コーラ	可乐	N3
コーラス	合唱；副歌	N2
ゴミ	垃圾	N5
ゴム	橡胶；口香糖	N3
ゴリラ	大猩猩	N2
ゴルフ	高尔夫	N3
ゴーカート	卡丁车	N3
ゴール	终点；目标	N3
ゴールデンウィーク	黄金周	N3
サイエンス	科学	N1
サイクリング	自行车旅行	N3
サイクル	周期；循环	N1
サイズ	大小，尺寸	N3
サイト	地点；网站	N3
サイン	签名；标志；信号；手势	N4
サッカー	足球	N5
サッカーボール	足球	N4
サバンナ	热带草原	N1
サボる	偷懒；旷工	N3
サポート	支持，支援	N2
サラダ	沙拉	N4
サラダゆ	色拉油	N1
サラリーマン	工薪阶层	N3
サングラス	太阳镜	N3
サンダル	凉鞋	N3
サンドイッチ	三明治	N1
サンプル	样品；样本（数据）	N3
サーキット	电路；环道	N1
サークル	社团；圆圈	N3
サービス	服务；提供服务	N4
サービスセンター	服务中心	N3
サーフィン	冲浪	N1
シェア	份额；共享	N1
シェフ	厨师（指餐厅主厨）；主厨	N1
シグナル	信号（电信、红绿灯）；迹象	N2
システム	体系，系统	N2
シナジー	协同效应	N1
シナリオ	脚本，剧本	N1
シニア	年长者；高级成员	N1
シビア	严峻的；苛刻的	N1
シフト	轮班；变换	N2
シャッター	卷帘；百叶窗	N2
シャツ	衬衫	N5
シャトル	接驳服务；摆渡服务；织布梭子	N2
シャワー	淋浴	N5
シャンハイ	上海	N5
シャーベット	雪葩；冰沙	N3
シュレッダー	碎纸机	N2
シュート	射门；投篮	N3
ショック	震惊的；打击	N2
ショッピング	购物	N3
ショップ	商店	N2
ショー	陈列；演出	N2
ショーウインドー	橱窗	N2
シリーズ	系列；（体育）联赛	N2
シルク	丝绸	N3
シンプル	简单的	N2
シンボル	象征；符号	N1
シンポジウム	专题研讨会	N2
シーズン	季节；好时节	N4
シーツ	床单	N3
シーディー	CD	N5
シート	座位，席位（座椅、车内座位）	N2
シール	贴纸；封条	N2
シーン	场景	N2
ジェスチャー	手势（有意传达的）；做样子	N1
ジェンダー	社会性别	N1
ジェーアール	日本铁路	N5
ジャケット	夹克	N3
ジャスミンちゃ	茉莉花茶	N3
ジャズ	爵士音乐	N3
ジャム	果酱	N4
ジャンル	种类，体裁	N2
ジャーナリスト	新闻工作者	N1
ジャーナリズム	新闻界	N1
ジュース	果汁	N5
ジョギング	跑步，慢跑	N4
ジレンマ	两难；困境	N1
ジーンズ	牛仔裤	N3
スイカ	西瓜	N5
スイス	瑞士	N4
スイッチ	开关；切换	N4
スカート	裙子	N5
スキャンダル	丑闻	N1
スキー	滑雪	N5
スクリーン	屏幕	N2
スクーター	小型摩托车	N1
スクール	学校	N2
スケジュール	日程表；计划进度	N3
スケッチ	素描；画草图	N1
スケート	滑冰	N2
スケール	尺度；比例尺；气度	N1
スコア	分数（可指比分）；得分	N1
スタイル	风格；身材	N2
スタジオ	工作室；摄影棚	N1
スタッフ	工作人员	N2
スタミナ	耐力；体力	N1
スタンス	立场；姿态	N1
スタンド	看台；支架	N3
スタンプ	图章，戳子（盖章、橡皮图章）	N2
スタート	开始；起点	N3
ステップ	步骤；舞步	N2
ステレオタイプ	刻板印象	N1
ステーキ	牛排	N3
ステーション	车站（外来语）；站	N2
ステージ	舞台（外来语）；阶段	N2
ステータス	地位（状态资格、游戏属性）；状态	N1
ストック	库存	N1
ストップ	停止；停车	N3
ストライキ	罢工	N2
ストレス	压力（心理、身体）	N3
ストレート	直的；直接的	N1
ストーブ	炉子；取暖器	N5
ストーリー	故事（外来语）；小说；情节、结构	N3
ストール	披肩；围巾	N1
スニーカー	运动鞋	N2
スパイス	香料	N1
スパゲッティ	意大利面	N3
スピーカー	扬声器	N3
スピーチ	演讲	N3
スピーディー	迅速的	N1
スピード	速度（口语）；快速	N3
スプーン	汤匙	N3
スペア	备用品；多余的	N1
スペインご	西班牙语	N4
スペース	空间（可指空位）；空位	N2
スポット	场所，地点（景点、特定地点）	N1
スポットライト	聚光灯；关注焦点	N1
スポンサー	赞助商	N1
スポーツ	运动；体育	N5
スポーツセンター	体育中心	N3
スマホ	智能手机	N2
スマート	时髦的（利落）；聪明的	N1
スムーズ	顺利的（流程动作流畅）；流畅的	N2
スライス	切片；薄片	N1
スライド	幻灯片；透明片；滑动；滑倒；调整位置或日程	N1
スランプ	低谷；萧条	N1
スリッパ	拖鞋	N4
スリル	惊险，刺激	N1
スローガン	标语，口号	N1
スーツ	西装	N4
スーツケース	行李箱	N4
スーパー	超级；超市	N5
スーパーコンピューター	超级计算机	N1
スーパーマーケット	超市	N4
スープ	汤	N3
ズボン	裤子	N5
セット	一套；一组	N3
セルフ	自己	N1
セロテープ	透明胶带	N2
センサー	传感器	N1
センス	品味；感觉	N2
センター	中心，中央	N3
センチ	厘米	N4
セーター	毛衣	N5
セーブ	保存（正式）；节省	N1
セール	大减价	N3
セールス	销售；推销	N2
セールスマン	推销员	N1
ゼミナール	研讨课；讨论班	N1
ゼリー	果冻	N1
ゼロ	零；什么都没有	N4
ソファー	沙发	N5
ソフト	柔软的；软件的	N2
ソフトウエア	软件	N1
ソース	酱汁	N4
ソーセージ	香肠	N3
タイトル	标题	N3
タイプ	类型；打字	N3
タイマー	计时器	N2
タイミング	时机	N2
タイム	时间（外来语）	N2
タイムサービス	限时特卖；限时促销	N2
タイヤ	轮胎，车胎	N2
タオル	毛巾	N4
タクシー	出租车	N5
タッチ	触碰；风格	N1
タバコ	香烟	N4
タフ	顽强的	N1
タブレット	药片；药丸；平板电脑；石板；刻字板	N2
タブー	禁忌	N1
タレント	艺人（电视）	N2
タンク	罐；坦克	N1
タンザニア	坦桑尼亚	N1
ターゲット	目标，对象	N2
ターミナル	终端；总站	N1
ダイエット	减肥，减重	N3
ダイナミック	有活力的；动态的	N2
ダイビング	跳水；飞跃；潜水	N1
ダウン	下降；减少；击倒；被击倒；因病或疲劳等无法行动；昏倒；羽绒	N2
ダウンロード	下载	N2
ダビング	配音；翻录	N3
ダブル	双重；双倍；双层翻边	N1
ダム	水坝，水库	N2
ダメージ	损害；打击	N2
ダンス	跳舞；舞蹈	N5
チェック	检查；核对	N4
チェックイン	登记入住	N3
チェンジ	改变；交换	N3
チケット	票（乘车、入场）	N5
チップ	小费	N4
チャイム	门铃；钟声	N1
チャレンジ	挑战	N3
チャンス	机会，良机	N4
チャージ	收费；充电	N2
チャーハン	炒饭	N3
チャーミング	迷人的	N1
チョコレート	巧克力	N5
チンパンジー	黑猩猩	N2
チーズ	奶酪	N4
チーム	队伍	N3
チームワーク	合作	N1
ツアー	旅行团	N2
ティッシュ	纸巾	N2
テキスト	教材；文本	N5
テクニック	技术，技巧	N2
テスト	考试，测验	N5
テナント	租户；店铺	N1
テニス	网球	N5
テニスコート	网球场	N2
テレビ	电视	N5
テレビゲーム	电子游戏	N3
テント	帐篷	N1
テンポ	节奏；速度	N2
テーブル	桌子（饭桌）；表格	N5
テープ	胶带；磁带	N3
テーマ	主题（创作）；论文题目	N3
ディスカッション	讨论	N1
ディズニーランド	迪士尼乐园	N4
デザイナー	设计师	N2
デザイン	设计（偏向）；设计图	N3
デザート	餐后甜点	N3
デジカメ	数码相机	N3
デジタル	数码，数字	N3
デパート	百货商店	N5
デビュー	出道；首次登台	N1
デフォルト	默认；违约	N1
デフレ	通货紧缩	N1
デマ	诽谤，谣言	N1
デメリット	不利之处	N2
デモクラシー	民主；民主主义	N1
デュポン	杜邦	N3
データ	资料（数据）；数据	N3
データベース	数据库	N2
デート	日期；约会	N4
トイレ	厕所	N5
トップ	首位，最高	N2
トピック	话题，主题	N1
トマト	番茄	N4
トラック	卡车	N3
トラブル	麻烦；故障	N2
トラベル	旅行	N1
トランク	后备箱；行李箱	N4
トレーニング	训练，锻炼	N3
トンネル	隧道	N2
トースト	烤面包	N3
トータル	总的；合计	N2
トーン	音调；色调	N1
ドア	门	N5
ドイツ	德国	N3
ドキュメンタリー	实录，纪实	N2
ドクター	医生（外来语）；博士	N1
ドライバー	司机（可指驱动程）；驱动程序	N1
ドライブ	兜风；开车	N4
ドライヤー	吹风机	N1
ドラマ	电视剧；戏剧	N3
ドリンク	饮料（口语）	N3
ドル	美元	N3
ドレス	女士礼服	N2
ドレッシング	沙拉酱	N3
ドーナツ	甜甜圈	N3
ナイター	夜场比赛	N2
ナイフ	小刀；餐刀	N5
ナノ	纳米；纳（十亿分之一）	N1
ナプキン	餐巾；卫生巾	N1
ナルシスト	自恋狂	N1
ナンセンス	荒谬的；无意义	N2
ナース	护士	N1
ニッチ	利基；狭窄市场	N2
ニュアンス	语感；细微差别	N1
ニュース	新闻	N5
ニューヨーク	纽约	N2
ニーズ	需求，需要	N2
ネガティブ	消极的（负面）；负面的	N1
ネクタイ	领带	N4
ネックレス	项链	N4
ネット	网；网络；球网	N2
ネットワーク	网络（正式）；关系网	N1
ネーミング	命名，起名	N1
ノイズ	杂音，噪音	N1
ノウハウ	诀窍；经验	N1
ノスタルジー	怀旧，乡愁	N1
ノック	敲打，敲	N3
ノルマ	定额；任务量	N2
ノート	笔记；记录	N5
ノートパソコン	笔记本电脑	N2
ハイエナ	鬣狗	N1
ハイキング	徒步；远足	N3
ハイライト	亮点；高光	N1
ハウス	房屋；店铺	N1
ハサミ	剪刀	N5
ハム	火腿	N1
ハワイ	夏威夷	N2
ハンカチ	手帕	N4
ハンガー	衣架	N1
ハンサム	英俊的	N3
ハンドル	方向盘；把手	N3
ハンバーガー	汉堡	N2
ハンバーグ	汉堡肉饼	N4
ハードスケジュール	紧张的日程	N3
ハードル	跨栏；难关	N2
バイオリン	小提琴	N3
バイク	摩托车（口语）；自行车	N3
バケツ	水桶	N3
バス	公交车	N5
バスてい	公共汽车站	N5
バスケットボール	篮球	N5
バター	黄油	N3
バックアップ	支援（支持或备份）；备份	N1
バッグ	包（可指携带物）	N3
バッジ	徽章	N1
バドミントン	羽毛球	N3
バナナ	香蕉	N5
バブル	泡沫	N1
バラ	玫瑰，蔷薇	N4
バランス	平衡	N2
バレエ	芭蕾舞	N3
バレーボール	排球	N2
バンド	乐队；带子	N1
バーゲン	打折；特卖	N2
バーベキュー	烧烤	N2
パイナップル	菠萝，凤梨	N2
パイロット	飞行员	N3
パジャマ	成套睡衣	N2
パスタ	意大利面食	N2
パスポート	护照	N3
パズル	谜题；拼图	N1
パソコン	电脑（特指）	N4
パターン	模式；图案	N2
パック	包；包装物；打包；包装；面膜	N1
パッケージ	包装	N1
パトカー	警车	N4
パネル	面板；展板	N2
パパ	爸爸（正式）	N3
パフォーマンス	表现；演出	N1
パワー	力量；能量	N2
パン	面包	N5
パンク	爆胎；爆裂	N2
パンダ	熊猫	N3
パンチ	拳击；打孔；打孔器；潘趣酒	N1
パンツ	内裤；裤子	N4
パンフレット	小册子；宣传册	N3
パーセント	百分比	N3
パーソナル	个人的	N1
パーティー	聚会	N5
ヒット	安打；成功；热门作品；击打	N1
ヒロイン	女主人公	N1
ヒント	暗示，启发（具体提示、线索）	N3
ヒーター	暖气机	N3
ビジネス	商务，生意	N3
ビジネスマン	商务人士	N3
ビジョン	未来构想；前景；大屏幕；想象力；洞察力	N2
ビタミン	维生素	N3
ビタミンざい	维生素片	N3
ビッグ	大的；重要的	N1
ビデオ	视频（录像）；录像机	N4
ビデオカメラ	摄像机	N3
ビニール	乙烯；塑料	N2
ビル	大楼	N5
ビール	啤酒	N2
ピアス	耳钉；耳环	N2
ピアノ	钢琴	N4
ピクニック	郊游，野炊	N3
ピザ	比萨	N5
ピッチ	速度；速率；间距；间隔；音高	N1
ピンク	粉色	N3
ピンチ	危机（口语）；困境	N1
ピント	焦距；要点	N1
ピーク	顶峰；高峰	N2
ピーマン	青椒	N3
ファイル	文件；档案	N2
ファクス	传真	N4
ファクター	因素，要素（影响因素外来语）	N2
ファスナー	拉链	N3
ファックス	传真	N4
ファッション	流行，时尚	N3
ファン	风扇；粉丝	N3
ファンタジー	幻想；奇幻作品	N1
フィルター	滤器；过滤	N1
フェア	公平的（不偏袒、展会）；展会	N2
フェリー	渡轮	N3
フォロー	跟随；关注；支援；补位；善后	N1
フォーク	叉子	N3
フォーム	形式（表格）；姿势	N2
フライ	炸物；油炸	N3
フライパン	平底锅	N3
フラッシュ	闪光灯；手电筒；短场景；新闻快讯	N1
フランス	法国	N3
フランスご	法语	N4
フリー	自由的（免费、空闲、自由职业）；免费的	N2
フリーズ	冻结；卡住	N2
フリーター	自由职业打工者	N1
フリーマーケット	跳蚤市场	N2
フリーランス	自由职业者	N1
フルーツ	水果	N2
フレッシュ	新鲜的	N2
フレーム	框，架	N1
フロア	楼层；地板	N2
フロント	前台；正面	N3
ブック	书	N3
ブラウス	女式衬衫	N1
ブラシ	刷子	N3
ブラック	黑色（外来语）；黑心的	N1
ブランク	空白；间隔	N1
ブランド	商标，品牌	N2
ブレーキ	刹车；制止	N3
ブログ	博客	N1
ブローチ	胸针；领针	N2
ブーツ	长靴	N3
ブーム	热潮；时尚；繁荣；吊杆	N2
プライバシー	隐私	N2
プライベート	私人的；私生活	N2
プラス	加；正	N3
プラスアルファ	额外部分；加成	N1
プラスチック	塑料	N3
プラン	计划，方案	N2
プリント	打印；印刷品	N3
プレゼンテーション	演示；发表	N2
プレゼント	礼物；赠送	N5
プレッシャー	压力（来自期待、责任）	N2
プレー	比赛（计时）；演出	N3
プレーヤー	选手（可指球员）；播放器	N3
プロ	专业人士	N3
プログラミング	编程	N1
プログラム	节目单；日程；宣传册；计算机程序；编程	N3
プロジェクター	投影仪	N2
プロジェクト	计划，项目	N1
プロセス	过程；流程	N2
プール	游泳池；游泳	N5
ヘアスタイル	发型	N2
ヘッドライト	车头灯	N1
ヘリコプター	直升机	N2
ベスト	最好；全力	N3
ベストセラー	畅销书	N2
ベッド	床	N5
ベテラン	老手；资深者	N2
ベビーカー	婴儿车	N1
ベランダ	阳台	N3
ベンチ	长椅；板凳	N3
ベンチャー	冒险事业；创业项目	N1
ベース	基本，基础	N1
ベートーベン	贝多芬	N3
ペア	一对；一组两个；双桨船；两个同类的东西	N1
ペット	宠物	N4
ペットボトル	塑料瓶	N3
ペン	笔	N5
ペンキ	油漆	N3
ペンギン	企鹅	N2
ペンダント	吊坠	N2
ページ	页，页面	N5
ペース	步伐；进度	N2
ホスト	主人；东道主	N3
ホチキス	订书机	N3
ホット	热的；热门的	N2
ホテル	酒店	N5
ホワイト	白，白色	N1
ホンコン	香港	N5
ホース	软管	N1
ホーム	月台；家	N4
ホームステイ	寄宿家庭	N3
ホームパーティー	家庭聚会	N3
ホームページ	主页	N4
ホール	大厅；会场	N2
ボクシング	拳击	N1
ボス	头头；老板	N2
ボタン	按钮	N4
ボックス	箱子；容器；垃圾箱；剧场包厢；餐馆包间；乐池；小型方形建筑	N2
ボトル	瓶子	N2
ボランティア	志愿者	N2
ボンベ	气瓶；钢瓶	N1
ボーイフレンド	男朋友（外来语）；男性朋友	N1
ボート	船	N4
ボーナス	奖金；红利	N1
ボーリング	保龄球	N3
ボール	球	N5
ボールペン	圆珠笔	N5
ポイント	要点；分数	N2
ポケット	口袋	N3
ポジション	位置（指职位）；职位	N1
ポスター	海报	N4
ポスト	信箱；职位	N4
ポット	壶；热水瓶	N2
ポテト	薯条；土豆	N3
マイク	麦克风	N3
マイナス	减；负	N2
マイペース	按自己的节奏	N2
マスク	面具；口罩	N2
マスコミ	大众传媒	N2
マスター	掌握；老板	N1
マスメディア	大众媒体	N1
マッサージ	按摩	N1
マッチ	火柴；匹配	N1
マット	垫子	N3
マナー	礼仪；规矩	N4
マニュアル	说明书；手册	N2
マネージャー	经理；管理者	N2
マフラー	围巾；消音器	N3
ママ	妈妈（儿童用语）；妈妈桑	N3
マラソン	马拉松	N3
マルチタスク	多任务处理	N1
マンション	公寓楼	N3
マーク	标记；标志	N3
マーケット	市场	N4
ミカン	橘子	N5
ミス	错误；失误	N2
ミステリー	神秘；推理作品	N2
ミニ	迷你；小型	N1
ミュージカル	音乐剧	N1
ミュージシャン	音乐家	N1
ミリ	毫米；毫（千分之一）	N3
ミルク	牛奶	N4
ミーティング	会议	N2
ムンバイ	孟买	N1
メイン	主要的；主要部分	N1
メカニズム	机制；结构	N1
メソッド	方法，方式（体系化程序）	N1
メタンガス	沼气，甲烷	N1
メダル	奖章	N2
メッセージ	消息；信息	N3
メディア	媒介；媒体	N2
メニュー	菜单，选单	N4
メモ	备忘录	N5
メリット	好处，优点	N2
メロディー	旋律，曲调	N1
メロン	甜瓜	N4
メンテナンス	维护；保养	N1
メンバー	成员，分子（团队成员）	N3
メーカー	制造商；厂家	N2
メートル	米	N5
メール	邮件；发邮件	N5
メールアドレス	邮箱地址	N3
モダン	现代的；时髦的	N1
モチベーション	热情，动力（行动动力）	N2
モチーフ	主题（反复出现的）；创作动机	N1
モデル	模型；模特	N2
モニター	监视器；监测	N1
モーター	马达；电动机	N1
モーツァルト	莫扎特	N3
ユニーク	独特的	N2
ユーザー	用户	N1
ユーモア	幽默，诙谐	N3
ヨット	帆船，游艇	N1
ヨーロッパ	欧洲	N4
ライオン	狮子	N3
ライス	米饭（指作为菜品）	N2
ライト	灯，灯光；轻的；淡的	N2
ライトアップ	灯光照明	N2
ライバル	对手；竞争者	N2
ライフ	生活；生命	N2
ライフスタイル	生活方式	N2
ライブ	现场演出；直播	N1
ライン	线路；界线；生产线	N1
ラグビー	橄榄球	N1
ラケット	球拍	N3
ラジオ	收音机	N5
ラジカセ	收录音机	N3
ラッシュ	高峰；拥挤	N3
ラッシュアワー	高峰时段	N3
ラップ	保鲜膜；包裹	N2
ラベル	标签，商标	N2
ランキング	排名	N1
ランク	（排）次序	N1
ランダム	随机的	N1
ランチ	午餐	N3
ランニング	跑步	N2
ランプ	灯具（台灯、油灯）；信号灯	N1
ラーメン	拉面	N5
リアリティー	现实感；真实	N2
リアル	真实的（现实感逼真）；现实感	N2
リクエスト	请求；点播	N2
リサイクル	回收	N3
リサーチ	研究	N1
リスク	危险，风险	N1
リスト	清单	N3
リストアップ	列出，列表	N1
リストラ	裁员	N1
リズム	节奏（拍子）；韵律	N2
リセット	重置；重新开始；从头来过	N1
リタイア	退休；退出	N1
リットル	升	N2
リネン	亚麻布	N1
リハビリ	康复训练	N1
リハーサル	彩排，排练	N2
リビング	生活（现代起居室）；客厅	N3
リピーター	回头客	N1
リボン	丝带，发带	N5
リモコン	遥控器	N1
リュックサック	背包	N3
リラックス	放松，松弛	N2
リレー	接力传递	N1
リンク	链接；联系	N1
リンゴ	苹果	N5
リーグ	联盟，联赛	N1
リーダー	领导；领队	N3
リーダーシップ	领导力	N1
リード	领导（领先）；领先	N1
ルーズ	松懈的；懒散的	N1
ルート	路径；途径	N1
ルーム	屋子，房间	N3
ルール	规则，制度	N4
レイアウト	布局；版面设计	N1
レインコート	雨衣	N4
レギュラー	正式成员；固定的	N1
レクリエーション	娱乐，消遣	N2
レコード	纪录；唱片	N1
レシピ	菜谱	N3
レシート	收据	N3
レジ	收银台	N4
レジャー	休闲；娱乐	N1
レストラン	餐厅	N5
レタス	莴苣，生菜	N3
レッスン	课程	N3
レトルトしょくひん	即食袋装食品	N2
レバー	杠杆；拉杆	N1
レベル	水平，水准	N4
レポーター	报告人；记者（现场）	N2
レポート	报告；报告书；课程报告	N3
レモン	柠檬	N3
レンジ	烤炉	N3
レンズ	透镜，镜片	N3
レンタル	出租，租赁	N2
レース	比赛（竞速赛）；赛跑	N2
レーダー	雷达	N1
レート	比例，比率	N1
レール	铁轨；轨道	N2
ロケット	火箭	N3
ロス	浪费，损耗（损耗未利用）	N1
ロッカー	储物柜	N3
ロック	锁；摇滚	N3
ロビー	大堂，门厅	N3
ロボット	机器人	N4
ロープ	绳索，钢缆	N3
ロープウエー	缆车	N1
ローン	贷款	N1
ワイシャツ	男式衬衫	N5
ワイパー	雨刷	N2
ワイン	葡萄酒	N3
ワンピース	连衣裙	N3
